study,study_id,cohort,measure,units,timepoint,acl_timepoint_sd,acl_inj_med,acl_inj_iqr,acl_inj_range,acl_noninj_med,acl_noninj_iqr,acl_noninj_range,acl_lsi_med,acl_lsi_iqr,acl_lsi_range,acl_notes,acl_graft_group,acl_timepoint_mean,acl_n,acl_female,acl_inj_mean,acl_inj_sd,acl_noninj_mean,acl_noninj_sd,acl_lsi_mean,acl_lsi_sd,acl_group,acl_graft,con_timepoint_sd,con_inj_med,con_inj_iqr,con_inj_range,con_noninj_med,con_noninj_iqr,con_noninj_range,con_lsi_med,con_lsi_iqr,con_lsi_range,con_notes,con_graft_group,con_timepoint_mean,con_n,con_female,con_inj_mean,con_inj_sd,con_noninj_mean,con_noninj_sd,con_lsi_mean,con_lsi_sd,con_group,con_graft,yi,vi,sei,zi,pval,ci.lb,ci.ub
Alt 2022,#10428,Alt 2022,hs isk ecc 150,nm/kg,1,NA,NA,NA,NA,NA,NA,NA,NA,NA,NA,NA,mixed,12.6231818181818,132,69,1.46136363636364,0.342299749733464,1.62227272727273,0.323175066373211,NA,NA,Women + Men,mixed,NA,NA,NA,NA,NA,NA,NA,NA,NA,NA,NA,NA,12,132,69,2.05818181818182,0.378625110529382,2.02340909090909,0.395755783946882,NA,NA,Healthy Control - Women + Healthy Control - Men,NA,-0.34245298321129747,6.720211065065793e-4,0.025923369891018785,-13.21020317385284,7.661734812682374e-40,-0.3932618545556043,-0.29164411186699063
Alt 2022,#10428,Alt 2022,hs isk ecc 30,nm/kg,1,NA,NA,NA,NA,NA,NA,NA,NA,NA,NA,NA,mixed,12.6231818181818,132,69,1.42613636363636,0.33787537276717,1.58227272727273,0.302141443316875,NA,NA,Women + Men,mixed,NA,NA,NA,NA,NA,NA,NA,NA,NA,NA,NA,NA,12,132,69,1.99590909090909,0.420797052759856,1.96159090909091,0.431487449589633,NA,NA,Healthy Control - Women + Healthy Control - Men,NA,-0.33613068712168026,7.619595834495192e-4,0.027603615405405124,-12.177052976033776,4.118977956366625e-34,-0.3902327791593693,-0.2820285950839912
Alt 2022,#10428,Alt 2022,quad isk con 150,nm/kg,1,NA,NA,NA,NA,NA,NA,NA,NA,NA,NA,NA,mixed,12.6231818181818,132,69,1.94340909090909,0.393405234707611,2.24,0.340486853945822,NA,NA,Women + Men,mixed,NA,NA,NA,NA,NA,NA,NA,NA,NA,NA,NA,NA,12,132,69,2.62068181818182,0.487000780885338,2.59159090909091,0.474864110004283,NA,NA,Healthy Control - Women + Healthy Control - Men,NA,-0.29899082561516205,5.720516220248926e-4,0.02391760067450104,-12.500870370911462,7.383840373757558e-36,-0.34586846153379497,-0.2521131896965291
Alt 2022,#10428,Alt 2022,quad isk con 30,nm/kg,1,NA,NA,NA,NA,NA,NA,NA,NA,NA,NA,NA,mixed,12.6231818181818,132,69,2.39545454545455,0.552287904281655,2.79159090909091,0.521733501544881,NA,NA,Women + Men,mixed,NA,NA,NA,NA,NA,NA,NA,NA,NA,NA,NA,NA,12,132,69,3.24090909090909,0.671756788214414,3.18840909090909,0.604515867798804,NA,NA,Healthy Control - Women + Healthy Control - Men,NA,-0.3022808718729314,7.281738081856644e-4,0.02698469581421411,-11.201937348269304,3.989129768513215e-29,-0.3551699038025598,-0.249391839943303
Arumugam 2022,#10452,Arumugam 2022,hs mvic,nm/kg,1,NA,NA,NA,NA,NA,NA,NA,NA,NA,NA,NA,mixed,18,33,25,1.05,0.23,NA,NA,NA,NA,ACLR,mixed,NA,NA,NA,NA,NA,NA,NA,NA,NA,NA,NA,NA,18,46,39,1.11,0.2274300869376,NA,NA,NA,NA,Healthy Control - Normal + Healthy Control - Athlete,NA,-0.055569851154810765,0.0023666200757577823,0.048647919541926786,-1.1422862822924704,0.25333504133341966,-0.15091802137978955,0.039778319070168
Arumugam 2022,#10452,Arumugam 2022,quad mvic,nm/kg,1,NA,NA,NA,NA,NA,NA,NA,NA,NA,NA,NA,mixed,18,33,25,2.56,0.55,NA,NA,NA,NA,ACLR,mixed,NA,NA,NA,NA,NA,NA,NA,NA,NA,NA,NA,NA,18,45,39,2.42466666666667,0.516146561285913,NA,NA,NA,NA,Healthy Control - Normal + Healthy Control - Athlete,NA,0.054313200594782035,0.0024057223498830846,0.049048163572993075,1.10734422327461,0.2681451311598298,-0.041819433516113794,0.15044583470567785
Balki 2021,#9327,Balki 2021,hs mvic 90 hhd,kg/kg^0.67,1,20.06,NA,NA,NA,NA,NA,NA,NA,NA,NA,NA,hs,35.22,46,0,0.24,0.07,NA,NA,NA,NA,ACLR,HS - ST/G,20.06,NA,NA,NA,NA,NA,NA,NA,NA,NA,NA,NA,35.22,50,0,0.35,0.08,NA,NA,NA,NA,Healthy Control,NA,-0.37729423114146804,0.0028942337079759448,0.05379808275371851,-7.013153849156262,2.330049857825874e-12,-0.48273653577606174,-0.27185192650687434
Balki 2021,#9327,Balki 2021,quad mvic 90 hhd,kg/kg^0.67,1,20.06,NA,NA,NA,NA,NA,NA,NA,NA,NA,NA,hs,35.22,46,0,0.43,0.11,NA,NA,NA,NA,ACLR,HS - ST/G,20.06,NA,NA,NA,NA,NA,NA,NA,NA,NA,NA,NA,35.22,50,0,0.56,0.13,NA,NA,NA,NA,Healthy Control,NA,-0.2641515750415869,0.0025004317485218274,0.05000431729882758,-5.282575371702561,1.2738040188621658e-7,-0.36215823601880215,-0.16614491406437162
Bando 2017,#3511,Bando 2017,hip er hhd 0 supine,kgf/kg,1,NA,NA,NA,NA,NA,NA,NA,NA,NA,NA,NA,other,8,9,9,0.13,0.05,NA,NA,NA,NA,ACL,not stated,NA,NA,NA,NA,NA,NA,NA,NA,NA,NA,NA,NA,8,22,22,0.11,0.03,NA,NA,NA,NA,Healthy Control,NA,0.16705408466316624,0.019817471502150463,0.1407745413849765,1.1866782375537848,0.23535456229685445,-0.10885894639153099,0.44296711571786346
Bando 2017,#3511,Bando 2017,hip ir hhd 0 supine,kgf/kg,1,NA,NA,NA,NA,NA,NA,NA,NA,NA,NA,NA,other,8,9,9,0.14,0.04,NA,NA,NA,NA,ACL,not stated,NA,NA,NA,NA,NA,NA,NA,NA,NA,NA,NA,NA,8,22,22,0.1,0.03,NA,NA,NA,NA,Healthy Control,NA,0.336472236621213,0.013161203875489587,0.11472229022944751,2.9329281689570523,0.0033578156877489525,0.1116206795475446,0.5613237936948814
Bell 2016,#3050,Bell 2016,hip abd hhd sidely,kg/kg,1,NA,NA,NA,NA,NA,NA,NA,NA,NA,NA,NA,mixed,30.8745454545455,55,48,44.9596363636364,10.5391653973513,46.4383636363636,10.1682076725806,NA,NA,Low quadriceps + High quadriceps,mixed,NA,NA,NA,NA,NA,NA,NA,NA,NA,NA,NA,NA,30,73,60,44.95,9.58,46.07,9.84,NA,NA,Healthy Control,NA,2.1435663768712627e-4,0.0016213158613846645,0.040265566696430145,0.005323571857393743,0.9957524242696818,-0.0787047039044114,0.07913341717978564
Bell 2016,#3050,Bell 2016,hip er hhd prone,kg/kg,1,NA,NA,NA,NA,NA,NA,NA,NA,NA,NA,NA,mixed,30.8745454545455,55,48,15.4896363636364,3.81045489830106,15.1923636363636,3.56290921685385,NA,NA,Low quadriceps + High quadriceps,mixed,NA,NA,NA,NA,NA,NA,NA,NA,NA,NA,NA,NA,30,73,60,17.59,3.04,17.38,3.04,NA,NA,Healthy Control,NA,-0.12715938015231962,0.001509452912514037,0.03885167837448,-3.272944322421992,0.0010643344107627967,-0.2033072705052341,-0.051011489799405146
Bell 2016,#3050,Bell 2016,hip ext hhd prone,kg/kg,1,NA,NA,NA,NA,NA,NA,NA,NA,NA,NA,extracted graphically,mixed,30.8745454545455,55,48,42.3303636363636,14.7651703485221,42.2445454545455,14.1188137968564,NA,NA,Low quadriceps + High quadriceps,mixed,NA,NA,NA,NA,NA,NA,NA,NA,NA,NA,extracted graphically,NA,30,73,60,38.85,11.71,37.6,11.47,NA,NA,Healthy Control,NA,0.0857965681940565,0.003456667981849756,0.05879343485330447,1.4592882420992677,0.14448579020360555,-0.029436446645822206,0.2010295830339352
Bell 2016,#3050,Bell 2016,hip ir hhd prone,kg/kg,1,NA,NA,NA,NA,NA,NA,NA,NA,NA,NA,NA,mixed,30.8745454545455,55,48,14.9436363636364,2.64067812813886,16.4518181818182,3.79518973853945,NA,NA,Low quadriceps + High quadriceps,mixed,NA,NA,NA,NA,NA,NA,NA,NA,NA,NA,NA,NA,30,73,60,17.01,3.44,17.41,3.21,NA,NA,Healthy Control,NA,-0.12951585848578465,0.001128002625483019,0.03358575033378023,-3.856274080484628,1.1512839987257742e-4,-0.195342719533748,-0.0636889974378213
Bell 2016,#3050,Bell 2016,hs mvic 90 hhd prone,kg/kg,1,NA,NA,NA,NA,NA,NA,NA,NA,NA,NA,NA,mixed,30.8745454545455,55,48,24.3450909090909,6.44853281410163,27.7921818181818,6.75785556357798,NA,NA,Low quadriceps + High quadriceps,mixed,NA,NA,NA,NA,NA,NA,NA,NA,NA,NA,NA,NA,30,73,60,28.04,5.7,27.55,5.73,NA,NA,Healthy Control,NA,-0.1413018383390299,0.0018417350151222456,0.04291544028810896,-3.292564107240021,9.927826158215862e-4,-0.2254145556844027,-0.05718912099365711
Bell 2016,#3050,Bell 2016,quad mvic 90 hhd prone,kg/kg,1,NA,NA,NA,NA,NA,NA,NA,NA,NA,NA,extracted graphically,mixed,30.8745454545455,55,48,38.3625454545455,12.4313706699626,38.1274545454545,10.5119772461177,NA,NA,Low quadriceps + High quadriceps,mixed,NA,NA,NA,NA,NA,NA,NA,NA,NA,NA,extracted graphically,NA,30,73,60,43.63,7.78,39.39,9.56,NA,NA,Healthy Control,NA,-0.12866338232114452,0.0023448179104767347,0.048423319903500364,-2.657054133784079,0.007882678418766406,-0.2235713453438668,-0.033755419298422254
Beretta-Piccoli 2016,#3011,Beretta-Piccoli 2016,quad mvic 60,nm,1,NA,NA,NA,NA,NA,NA,NA,NA,NA,NA,NA,hs,44.1515151515151,33,NA,376.30303030303,97.2996289973929,NA,NA,NA,NA,R12 + R24,HS,NA,NA,NA,NA,NA,NA,NA,NA,NA,NA,NA,NA,12,19,NA,338,90,NA,NA,NA,NA,Healthy Control,NA,0.10734885497533836,0.005757595141936963,0.07587881879640038,1.4147407231440836,0.15714452968464604,-0.04137089705504726,0.256068607005724
Bodkin 2021,#9366,Bodkin 2021,quad mvic 90,nm/kg,1,0.05,NA,NA,NA,NA,NA,NA,NA,NA,NA,NA,other,5.96,120,63,1.14,0.52,NA,NA,64.3,21.2,ACLR,not stated,0.05,NA,NA,NA,NA,NA,NA,NA,NA,NA,NA,NA,5.96,95,49,2.2,0.67,NA,NA,94.3,18.5,Healthy Control,NA,-0.6574290979578663,0.002710160871707082,0.05205920544636733,-12.628488896841999,1.4707548266198978e-36,-0.7594632656965177,-0.5553949302192149
Bookbinder 2020,#2766,Bookbinder 2020,4-jump test,cm,1,25.67,NA,NA,NA,NA,NA,NA,NA,NA,NA,NA,mixed,26.25,27,20,20.22,4.04,22.48,5.61,92.58,18.71,ACLR,Mixed,25.67,NA,NA,NA,NA,NA,NA,NA,NA,NA,NA,NA,26.25,25,16,23.6,4.98,24.23,5.87,98.55,11.54,Healthy Control,NA,-0.15457449843923918,0.0032596783190981405,0.05709359262735303,-2.7073878403157963,0.006781498117713564,-0.26647588373685266,-0.042673113141625696
Bookbinder 2020,#2766,Bookbinder 2020,single hop,cm/cm ,1,25.67,NA,NA,NA,NA,NA,NA,NA,NA,NA,NA,mixed,26.25,27,20,0.75,0.12,0.8,0.15,94.65,8.1,ACLR,Mixed,25.67,NA,NA,NA,NA,NA,NA,NA,NA,NA,NA,NA,26.25,25,16,0.84,0.14,0.85,0.13,98.65,5.75,Healthy Control,NA,-0.11332868530700312,0.00205925925925926,0.045379061903693646,-2.4973783183864953,0.012511539640511004,-0.20227001229045627,-0.024387358323549962
Bryant 2011,#2625,Bryant 2011,hs isk con 180,nm/kg,1,NA,NA,NA,NA,NA,NA,NA,NA,NA,NA,NA,quad,15.1615384615385,39,13,0.982820512820513,0.244582874964798,NA,NA,NA,NA,ACLR-PT + ACLR STGT,mixed,NA,NA,NA,NA,NA,NA,NA,NA,NA,NA,NA,NA,12,33,11,1.08,0.2,NA,NA,NA,NA,Healthy Control,NA,-0.094289807873311,0.0026271567463842698,0.05125579719782212,-1.83959304172753,0.06582800671091393,-0.19474932437993137,0.006169708633309373
Button 2014,#2947,Button 2014,hs isk con 90,nm,1,NA,NA,NA,NA,NA,NA,NA,NA,NA,NA,NA,hs,13.5,21,5,80,31,NA,NA,NA,NA,ACLR,HS,NA,NA,NA,NA,NA,NA,NA,NA,NA,NA,NA,NA,20,21,9,86,40,NA,NA,NA,NA,Healthy Control,NA,-0.07232066157962613,0.017451876335985987,0.1321055499817702,-0.547446050446828,0.584072325155284,-0.3312427817017517,0.18660145854249943
Button 2014,#2947,Button 2014,quad isk con 90,nm,1,NA,NA,NA,NA,NA,NA,NA,NA,NA,NA,NA,hs,13.5,21,5,134,64,NA,NA,NA,NA,ACLR,HS,NA,NA,NA,NA,NA,NA,NA,NA,NA,NA,NA,NA,20,21,9,147,71,NA,NA,NA,NA,Healthy Control,NA,-0.09259278682782492,0.02197121876825765,0.14822691647692618,-0.6246691830915772,0.5321882029353238,-0.3831122046620269,0.19792663100637709
Button 2014,#2947,Button 2014,single hop,cm/height,1,NA,NA,NA,NA,NA,NA,NA,NA,NA,NA,NA,hs,13.5,21,5,64.03,24.21,NA,NA,NA,NA,ACLR,HS,NA,NA,NA,NA,NA,NA,NA,NA,NA,NA,NA,NA,20,21,9,73.45,13.49,NA,NA,NA,NA,Healthy Control,NA,-0.1372531790891756,0.008414024094257627,0.09172798969920591,-1.4963064113718803,0.13457382512630564,-0.3170367352738802,0.04253037709552904
Calvo-Lobo 2018,#2924,Calvo-Lobo 2018,sebt composite,cm/cm height,1,0.06,NA,NA,NA,NA,NA,NA,NA,NA,NA,NA,mixed,0.52,40,15,58.52,4.46,NA,NA,NA,NA,ACLR,mixed,0.06,NA,NA,NA,NA,NA,NA,NA,NA,NA,NA,NA,0.52,40,20,97.1,2.67,NA,NA,NA,NA,Healthy Control,NA,-0.5063727991453556,1.641142366115424e-4,0.012810707888775795,-39.52730821292227,0,-0.5314813252238193,-0.4812642730668919
Casp 2021,#9400,Casp 2021,hs isk con 90,nm/kg,1,NA,NA,NA,NA,NA,NA,NA,NA,NA,NA,NA,mixed,5.96666666666667,144,87,0.868541666666667,0.284613512326104,NA,NA,92.7986111111111,17.9595816065985,Isolated ACLR + ACLR-MS + ACLR-MR,mixed,NA,NA,NA,NA,NA,NA,NA,NA,NA,NA,NA,NA,6,140,82,0.96,0.28,NA,NA,99,17,Healthy Control,NA,-0.1001177244949299,0.0013533441756040997,0.036787826459361524,-2.7214906160745085,0.00649882301902441,-0.17222053942478813,-0.02801490956507166
Casp 2021,#9400,Casp 2021,quad isk con 90,nm/kg,1,NA,NA,NA,NA,NA,NA,NA,NA,NA,NA,NA,mixed,5.96666666666667,144,87,1.51888888888889,0.494037329230173,NA,NA,69.4791666666667,19.7386663063249,Isolated ACLR + ACLR-MS + ACLR-MR,mixed,NA,NA,NA,NA,NA,NA,NA,NA,NA,NA,NA,NA,6,140,82,2.08,0.56,NA,NA,98,13,Healthy Control,NA,-0.3143888203135871,0.0012524430010118332,0.035389871446670065,-8.883581868539645,6.474129439512517e-19,-0.3837516937665629,-0.24502594686061135
Casp 2021,#9400,Casp 2021,single hop,m/m,1,NA,NA,NA,NA,NA,NA,NA,NA,NA,NA,NA,mixed,5.96666666666667,144,87,0.624513888888889,0.188042287540999,NA,NA,87.4930555555556,14.2635025111297,Isolated ACLR + ACLR-MS + ACLR-MR,mixed,NA,NA,NA,NA,NA,NA,NA,NA,NA,NA,NA,NA,6,140,82,0.79,0.22,NA,NA,102,29,Healthy Control,NA,-0.23505937612850644,0.0011835400058866972,0.034402616265143224,-6.8326017508926755,8.338821856956333e-12,-0.302487264982139,-0.16763148727487387
Casp 2021,#9400,Casp 2021,triple hop,m/m,1,NA,NA,NA,NA,NA,NA,NA,NA,NA,NA,NA,mixed,5.96666666666667,144,87,2.24875,0.574413504477283,NA,NA,91.3194444444444,11.8065128274078,Isolated ACLR + ACLR-MS + ACLR-MR,mixed,NA,NA,NA,NA,NA,NA,NA,NA,NA,NA,NA,NA,6,140,82,2.57,0.54,NA,NA,98,9,Healthy Control,NA,-0.13353139262452263,7.684611175958504e-4,0.027721131246683465,-4.816953227350641,1.45766839763919e-6,-0.18786381147873013,-0.07919897377031512
Chen 2017,#2424,Chen 2017,hs mvic 90,%BM,1,14,NA,NA,NA,NA,NA,NA,NA,NA,NA,NA,mixed,36,50,0,20.2,7,22.7,6.2,NA,NA,ACLR,mixed,14,NA,NA,NA,NA,NA,NA,NA,NA,NA,right leg,NA,36,57,0,32.7,13.0150873988614,NA,NA,NA,NA,Healthy Control - Basketball + Healthy Control,NA,-0.4816924734960488,0.0051809510181114096,0.07197882340043778,-6.692141531909497,2.1992799738815244e-11,-0.6227683750104758,-0.34061657198162193
Chen 2017,#2424,Chen 2017,knee er mvic 90,%BM,1,14,NA,NA,NA,NA,NA,NA,NA,NA,NA,NA,mixed,36,50,0,15.4,5.8,15.6,6.5,NA,NA,ACLR,mixed,14,NA,NA,NA,NA,NA,NA,NA,NA,NA,right leg,NA,36,57,0,21.2894736842105,15.1676898633073,NA,NA,NA,NA,Healthy Control - Basketball + Healthy Control,NA,-0.3238452479125211,0.011741908492769371,0.10836008717590334,-2.988602688984699,0.002802563056215262,-0.5362271161389123,-0.11146337968613002
Chen 2017,#2424,Chen 2017,knee ir mvic 90,%BM,1,14,NA,NA,NA,NA,NA,NA,NA,NA,NA,NA,mixed,36,50,0,11.7,4.1,12.4,4.5,NA,NA,ACLR,mixed,14,NA,NA,NA,NA,NA,NA,NA,NA,NA,right leg,NA,36,57,0,17.3614035087719,14.3225939687959,NA,NA,NA,NA,Healthy Control - Basketball + Healthy Control,NA,-0.39466071144001585,0.01439583579427478,0.11998264788824582,-3.2893148999979607,0.0010043159086730003,-0.6298223800707284,-0.1594990428093033
Chen 2017,#2424,Chen 2017,quad mvic 90,%BM,1,14,NA,NA,NA,NA,NA,NA,NA,NA,NA,NA,mixed,36,50,0,36.1,9.3,38.4,11.2,NA,NA,ACLR,mixed,14,NA,NA,NA,NA,NA,NA,NA,NA,NA,right leg,NA,36,57,0,49.7385964912281,18.5182511746227,NA,NA,NA,NA,Healthy Control - Basketball + Healthy Control,NA,-0.32048835573498363,0.0037591948748853985,0.06131227344411067,-5.227148460367,1.7214427508688674e-07,-0.4406582034957121,-0.20031850797425516
Chen 2017,#2424,Chen 2017,single hop,cm/leg length,1,14,NA,NA,NA,NA,NA,NA,NA,NA,NA,NA,mixed,36,50,0,133,21,144,17,NA,NA,ACLR,mixed,14,NA,NA,NA,NA,NA,NA,NA,NA,NA,right leg,NA,36,57,0,163.40350877193,19.4833808751411,NA,NA,NA,NA,Healthy Control - Basketball + Healthy Control,NA,-0.2058735274860197,7.480348175189016e-4,0.027350225182233904,-7.527306488860302,5.179769038949742e-14,-0.2594789838122586,-0.1522680711597808
Chung 2015a,#2359,Chung 2015a,hs isk con 180,nm/kg,1,NA,NA,NA,NA,NA,NA,NA,NA,NA,NA,NA,hs,3,75,11,84.5,23.5,98.8,19,NA,NA,ACL,HS,NA,NA,NA,NA,NA,NA,NA,NA,NA,NA,matched leg (mix dom and non-dom),NA,3,75,11,109.1,26.1,NA,NA,NA,NA,Healthy Control,NA,-0.255513358475897,0.0017943233850357479,0.04235945449407662,-6.032026652081344,1.6191606517597654e-9,-0.3385363636890505,-0.17249035326274353
Chung 2015a,#2359,Chung 2015a,hs isk con 180,nm/kg,2,NA,NA,NA,NA,NA,NA,NA,NA,NA,NA,NA,hs,6,75,11,100,25,104.8,21.6,NA,NA,ACL,HS,NA,NA,NA,NA,NA,NA,NA,NA,NA,NA,matched leg (mix dom and non-dom),NA,3,75,11,109.1,26.1,NA,NA,NA,NA,Healthy Control,NA,-0.08709470685093369,0.001596413647981723,0.03995514545063906,-2.179812033434624,0.029271397582849273,-0.16540535293124564,-0.008784060770621757
Chung 2015a,#2359,Chung 2015a,hs isk con 180,nm/kg,3,NA,NA,NA,NA,NA,NA,NA,NA,NA,NA,NA,hs,12,75,11,100.8,23.7,108.4,24.9,NA,NA,ACL,HS,NA,NA,NA,NA,NA,NA,NA,NA,NA,NA,matched leg (mix dom and non-dom),NA,3,75,11,109.1,26.1,NA,NA,NA,NA,Healthy Control,NA,-0.07912653720175687,0.0015001598686922293,0.03873189730302699,-2.0429295415789754,0.04105941344384269,-0.1550396609685938,-0.0032134134349199317
Chung 2015a,#2359,Chung 2015a,hs isk con 180,nm/kg,4,NA,NA,NA,NA,NA,NA,NA,NA,NA,NA,NA,hs,24,75,11,101.5,25.8,107.8,23.8,NA,NA,ACL,HS,NA,NA,NA,NA,NA,NA,NA,NA,NA,NA,matched leg (mix dom and non-dom),NA,3,75,11,109.1,26.1,NA,NA,NA,NA,Healthy Control,NA,-0.07220609435718307,0.0016245620298076997,0.0403058560237554,-1.7914541826037973,0.07322044075955476,-0.15120412052980042,0.006791931815434291
Chung 2015a,#2359,Chung 2015a,hs isk con 60,nm/kg,1,NA,NA,NA,NA,NA,NA,NA,NA,NA,NA,NA,hs,3,75,11,101.7,28.8,132.8,27,NA,NA,ACL,HS,NA,NA,NA,NA,NA,NA,NA,NA,NA,NA,matched leg (mix dom and non-dom),NA,3,75,11,146.7,34.3,NA,NA,NA,NA,Healthy Control,NA,-0.3663623820944216,0.0017981542556275534,0.04240464898601984,-8.639674914304932,5.63731957718999e-18,-0.4494739668840834,-0.2832507973047598
Chung 2015a,#2359,Chung 2015a,hs isk con 60,nm/kg,2,NA,NA,NA,NA,NA,NA,NA,NA,NA,NA,NA,hs,6,75,11,127.3,33.2,142.2,28.8,NA,NA,ACL,HS,NA,NA,NA,NA,NA,NA,NA,NA,NA,NA,matched leg (mix dom and non-dom),NA,3,75,11,146.7,34.3,NA,NA,NA,NA,Healthy Control,NA,-0.1418431795855751,0.0016357952584186838,0.0404449657982138,-3.507066374916787,4.5307611981193567e-4,-0.22111385590602842,-0.06257250326512179
Chung 2015a,#2359,Chung 2015a,hs isk con 60,nm/kg,3,NA,NA,NA,NA,NA,NA,NA,NA,NA,NA,NA,hs,12,75,11,129.3,31.5,142.5,31.6,NA,NA,ACL,HS,NA,NA,NA,NA,NA,NA,NA,NA,NA,NA,matched leg (mix dom and non-dom),NA,3,75,11,146.7,34.3,NA,NA,NA,NA,Healthy Control,NA,-0.12625439937112404,0.0015202373931687703,0.03899022176352387,-3.2381041620347375,0.001203268690486985,-0.2026738297768606,-0.04983496896538747
Chung 2015a,#2359,Chung 2015a,hs isk con 60,nm/kg,4,NA,NA,NA,NA,NA,NA,NA,NA,NA,NA,NA,hs,24,75,11,128.8,30.9,140.5,30.4,NA,NA,ACL,HS,NA,NA,NA,NA,NA,NA,NA,NA,NA,NA,matched leg (mix dom and non-dom),NA,3,75,11,146.7,34.3,NA,NA,NA,NA,Healthy Control,NA,-0.1301288714786826,0.001496301826372214,0.03868206078238612,-3.3640625356221143,7.680413815000167e-4,-0.20594431745994865,-0.05431342549741655
Chung 2015a,#2359,Chung 2015a,quad isk con 180,nm/kg,1,NA,NA,NA,NA,NA,NA,NA,NA,NA,NA,NA,hs,3,75,11,135.9,36.3,186,30.4,NA,NA,ACL,HS,NA,NA,NA,NA,NA,NA,NA,NA,NA,NA,matched leg (mix dom and non-dom),NA,3,75,11,195,32.5,NA,NA,NA,NA,Healthy Control,NA,-0.3610802374066487,0.0013216606808993106,0.036354651434160536,-9.932160622157987,3.016473002048225e-23,-0.4323340448881108,-0.2898264299251866
Chung 2015a,#2359,Chung 2015a,quad isk con 180,nm/kg,2,NA,NA,NA,NA,NA,NA,NA,NA,NA,NA,NA,hs,6,75,11,160.2,36.7,191.2,31.2,NA,NA,ACL,HS,NA,NA,NA,NA,NA,NA,NA,NA,NA,NA,matched leg (mix dom and non-dom),NA,3,75,11,195,32.5,NA,NA,NA,NA,Healthy Control,NA,-0.19657652392948807,0.0010701250985165757,0.032712766598326344,-6.009168418654793,1.8647733136946643e-9,-0.2606923682968726,-0.13246067956210358
Chung 2015a,#2359,Chung 2015a,quad isk con 180,nm/kg,3,NA,NA,NA,NA,NA,NA,NA,NA,NA,NA,NA,hs,12,75,11,171.6,38,193.5,32.9,NA,NA,ACL,HS,NA,NA,NA,NA,NA,NA,NA,NA,NA,NA,matched leg (mix dom and non-dom),NA,3,75,11,195,32.5,NA,NA,NA,NA,Healthy Control,NA,-0.12783337150988489,0.0010242101850493459,0.03200328397288856,-3.994382939518905,6.486295788822423e-5,-0.1905586554837544,-0.06510808753601538
Chung 2015a,#2359,Chung 2015a,quad isk con 180,nm/kg,4,NA,NA,NA,NA,NA,NA,NA,NA,NA,NA,NA,hs,24,75,11,176.4,38.5,193.3,34.1,NA,NA,ACL,HS,NA,NA,NA,NA,NA,NA,NA,NA,NA,NA,matched leg (mix dom and non-dom),NA,3,75,11,195,32.5,NA,NA,NA,NA,Healthy Control,NA,-0.1002454149910559,0.0010055009658184262,0.03170963522051974,-3.161355035903589,0.0015703696240452376,-0.1623951579861774,-0.038095671995934395
Chung 2015a,#2359,Chung 2015a,quad isk con 60,nm/kg,1,NA,NA,NA,NA,NA,NA,NA,NA,NA,NA,NA,hs,3,75,11,178.8,51.2,266.1,43.7,NA,NA,ACL,HS,NA,NA,NA,NA,NA,NA,NA,NA,NA,NA,matched leg (mix dom and non-dom),NA,3,75,11,290.9,40.1,NA,NA,NA,NA,Healthy Control,NA,-0.48671170276174214,0.0013466719388060282,0.03669702901879154,-13.262972937468875,3.795455422075617e-40,-0.5586365579781948,-0.4147868475452895
Chung 2015a,#2359,Chung 2015a,quad isk con 60,nm/kg,2,NA,NA,NA,NA,NA,NA,NA,NA,NA,NA,NA,hs,6,75,11,224.2,58.5,276.4,42.7,NA,NA,ACL,HS,NA,NA,NA,NA,NA,NA,NA,NA,NA,NA,matched leg (mix dom and non-dom),NA,3,75,11,290.9,40.1,NA,NA,NA,NA,Healthy Control,NA,-0.2604410548630964,0.001161138321842334,0.03407547977420617,-7.643063475227728,2.1211335396353287e-14,-0.3272277679764635,-0.19365434174972923
Chung 2015a,#2359,Chung 2015a,quad isk con 60,nm/kg,3,NA,NA,NA,NA,NA,NA,NA,NA,NA,NA,NA,hs,12,75,11,235.4,56.9,276.7,44.9,NA,NA,ACL,HS,NA,NA,NA,NA,NA,NA,NA,NA,NA,NA,matched leg (mix dom and non-dom),NA,3,75,11,290.9,40.1,NA,NA,NA,NA,Healthy Control,NA,-0.21169337067497954,0.0010323842901102935,0.03213073746601988,-6.588500214128529,4.442916126942944e-11,-0.2746684589050903,-0.14871828244486882
Chung 2015a,#2359,Chung 2015a,quad isk con 60,nm/kg,4,NA,NA,NA,NA,NA,NA,NA,NA,NA,NA,NA,hs,24,75,11,242.8,55.5,276.6,42.8,NA,NA,ACL,HS,NA,NA,NA,NA,NA,NA,NA,NA,NA,NA,matched leg (mix dom and non-dom),NA,3,75,11,290.9,40.1,NA,NA,NA,NA,Healthy Control,NA,-0.18074150631581265,9.50031527208103e-4,0.030822581449452005,-5.863931501396878,4.520340188166094e-9,-0.24115265586729095,-0.12033035676433435
Chung 2015a,#2359,Chung 2015a,single hop,cm,2,NA,NA,NA,NA,NA,NA,NA,NA,NA,NA,NA,hs,6,75,11,127,31.5,152.6,25.2,NA,NA,ACL,HS,NA,NA,NA,NA,NA,NA,NA,NA,NA,NA,matched leg (mix dom and non-dom),NA,3,75,11,176.3,24.7,NA,NA,NA,NA,Healthy Control,NA,-0.32800000294523335,0.0010819762813080432,0.03289340787008915,-9.971602949765884,2.0292694444196168e-23,-0.39246989769939444,-0.26353010819107225
Chung 2015a,#2359,Chung 2015a,single hop,cm,3,NA,NA,NA,NA,NA,NA,NA,NA,NA,NA,NA,hs,12,75,11,141.4,29.9,158.1,25.5,NA,NA,ACL,HS,NA,NA,NA,NA,NA,NA,NA,NA,NA,NA,matched leg (mix dom and non-dom),NA,3,75,11,176.3,24.7,NA,NA,NA,NA,Healthy Control,NA,-0.22059433594135217,8.579013558393751e-4,0.029289953155294993,-7.5313994109776665,5.0199375496692305e-14,-0.27800158923459567,-0.16318708264810866
Chung 2015a,#2359,Chung 2015a,single hop,cm,4,NA,NA,NA,NA,NA,NA,NA,NA,NA,NA,NA,hs,24,75,11,143.1,30.1,158.4,25.3,NA,NA,ACL,HS,NA,NA,NA,NA,NA,NA,NA,NA,NA,NA,matched leg (mix dom and non-dom),NA,3,75,11,176.3,24.7,NA,NA,NA,NA,Healthy Control,NA,-0.2086434028414194,8.516337442999348e-4,0.029182764507495428,-7.149542079463737,8.706785614574611e-13,-0.26584057024542423,-0.15144623543741462
Patterson 2020a,#4395,Culvenor 2016,one leg rise,reps,1,NA,NA,NA,NA,NA,NA,NA,NA,NA,NA,NA,hs,12,59,22,28.1,18.9,31.9,17.1,75.6,38.9,ACLR,HS,NA,NA,NA,NA,NA,NA,NA,NA,NA,NA,NA,NA,62.4,31,14,31.7,15.7,NA,NA,109,36.4,Healthy Control,NA,-0.1205471045435348,0.015580189036534409,0.12482062744808811,-0.9657626868897881,0.3341629435318154,-0.3651910388694792,0.12409682978240959
Patterson 2020a,#4395,Culvenor 2016,one leg rise,reps,2,2.4,NA,NA,NA,NA,NA,NA,NA,NA,NA,NA,hs,62.4,59,22,25.2,18.4,27.1,17.7,85.4,40.3,ACLR,HS,2.4,NA,NA,NA,NA,NA,NA,NA,NA,NA,NA,NA,62.4,31,14,31.7,15.7,NA,NA,109,36.4,Healthy Control,NA,-0.22947268636585738,0.016948729435443177,0.13018728599768556,-1.7626351498712163,0.07796204474663046,-0.4846350781663367,0.025689705434621957
Patterson 2020a,#4395,Culvenor 2016,side hop,reps,1,NA,NA,NA,NA,NA,NA,NA,NA,NA,NA,NA,hs,12,59,22,24.9,14,30.8,14,77.2,31.2,ACLR,HS,NA,NA,NA,NA,NA,NA,NA,NA,NA,NA,NA,NA,62.4,41,14,33.9,14.5,NA,NA,108.2,14.5,Healthy Control,NA,-0.3085472109157426,0.009820270987173547,0.09909728042269145,-3.1135789963121026,0.0018483302265551547,-0.502774311510084,-0.11432011032140121
Patterson 2020a,#4395,Culvenor 2016,side hop,reps,2,2.4,NA,NA,NA,NA,NA,NA,NA,NA,NA,NA,hs,62.4,59,22,24,14,26.2,13.7,85.7,32.5,ACLR,HS,2.4,NA,NA,NA,NA,NA,NA,NA,NA,NA,NA,NA,62.4,41,14,33.9,14.5,NA,NA,108.2,14.5,Healthy Control,NA,-0.34536118403845895,0.01022965817857751,0.101141772668752,-3.414624590074632,6.38699753966973e-4,-0.5435954158017504,-0.14712695227516745
Patterson 2020a,#4395,Culvenor 2016,single hop,cm,1,NA,NA,NA,NA,NA,NA,NA,NA,NA,NA,NA,hs,12,59,22,103.2,29.7,118.3,21.9,86.5,17.4,ACLR,HS,NA,NA,NA,NA,NA,NA,NA,NA,NA,NA,NA,NA,13,48,28,135,27.2,NA,NA,99.5,5.6,Healthy Control,NA,-0.26860592539096706,0.0022495126297595175,0.04742902729088504,-5.663323511645959,1.4846886574027969e-8,-0.36156511070286906,-0.17564674007906506
Patterson 2020a,#4395,Culvenor 2016,single hop,cm,2,2.4,NA,NA,NA,NA,NA,NA,NA,NA,NA,NA,hs,62.4,59,22,109.8,27.5,116.5,26.7,95.4,18,ACLR,HS,2.4,NA,NA,NA,NA,NA,NA,NA,NA,NA,NA,NA,62.4,41,14,135,27.2,NA,NA,101.8,5.6,Healthy Control,NA,-0.20661424936299916,0.002053301410586127,0.04531336900503125,-4.5596752989180365,5.123277471785983e-6,-0.295426820631034,-0.11780167809496433
Patterson 2020a,#4395,Culvenor 2016,triple crossover hop,cm,1,NA,NA,NA,NA,NA,NA,NA,NA,NA,NA,NA,hs,12,59,22,327.7,100,363.5,85.5,89.4,17,ACLR,HS,NA,NA,NA,NA,NA,NA,NA,NA,NA,NA,NA,NA,62.4,41,14,392.5,102.2,NA,NA,101.4,6,Healthy Control,NA,-0.18043798151769425,0.003231951194835177,0.05685025237266038,-3.173916983426936,0.0015039669992436729,-0.29186242868012136,-0.06901353435526716
Patterson 2020a,#4395,Culvenor 2016,triple crossover hop,cm,2,2.4,NA,NA,NA,NA,NA,NA,NA,NA,NA,NA,hs,62.4,59,22,321.6,98.9,341,90.2,93.2,16.9,ACLR,HS,2.4,NA,NA,NA,NA,NA,NA,NA,NA,NA,NA,NA,62.4,41,14,392.5,102.2,NA,NA,101.4,6,Healthy Control,NA,-0.19922799991765175,0.003256538640728976,0.057066090112508815,-3.491180130351724,4.8089191416954643e-4,-0.31107548127668627,-0.0873805185586172
Czamara 2010b,#2097,Czamara 2010b,hs mvic 30,nm/kg,1,NA,NA,NA,NA,NA,NA,NA,NA,NA,NA,NA,hs,2.99,54,0,1.2,0.3,1.5,0.4,NA,NA,ACLR,HS - ST/G,NA,NA,NA,NA,NA,NA,NA,NA,NA,NA,NA,NA,2.99,54,0,1.3,0.2,1.4,0.3,NA,NA,Healthy Control,NA,-0.0800427076735365,0.0015957155380232305,0.03994640832444427,-2.0037523029212174,0.045096600484543475,-0.15833622930117827,-0.0017491860458947184
Czamara 2010b,#2097,Czamara 2010b,hs mvic 30,nm/kg,2,NA,NA,NA,NA,NA,NA,NA,NA,NA,NA,NA,hs,4.83,54,0,1.6,0.3,1.7,0.4,NA,NA,ACLR,HS - ST/G,NA,NA,NA,NA,NA,NA,NA,NA,NA,NA,NA,NA,2.99,54,0,1.3,0.2,1.4,0.3,NA,NA,Healthy Control,NA,0.20763936477824455,0.0010893497972824895,0.03300529953329449,6.291091664500299,3.1524110543739253e-10,0.1429501663940307,0.2723285631624584
Czamara 2010b,#2097,Czamara 2010b,quad mvic 70,nm/kg,1,NA,NA,NA,NA,NA,NA,NA,NA,NA,NA,NA,hs,2.99,54,0,2,0.7,3.4,0.7,NA,NA,ACLR,HS - ST/G,NA,NA,NA,NA,NA,NA,NA,NA,NA,NA,NA,NA,2.99,54,0,3.7,0.5,3.7,0.5,NA,NA,Healthy Control,NA,-0.6151856390902336,0.0026066945323702075,0.05105579822478743,-12.049280600446334,1.9565002073760174e-33,-0.715253164812761,-0.5151181133677062
Czamara 2010b,#2097,Czamara 2010b,quad mvic 70,nm/kg,2,NA,NA,NA,NA,NA,NA,NA,NA,NA,NA,NA,hs,4.83,54,0,3.8,0.7,3.9,0.7,NA,NA,ACLR,HS - ST/G,NA,NA,NA,NA,NA,NA,NA,NA,NA,NA,NA,NA,2.99,54,0,3.7,0.5,3.7,0.5,NA,NA,Healthy Control,NA,0.026668247082161273,9.665744954357665e-4,0.031089781205980955,0.8577817548947858,0.3910129862375532,-0.03426660436879164,0.08760309853311418
Czamara 2018,#2096,Czamara 2018,hs isk con 180,nm/kg,1,NA,NA,NA,NA,NA,NA,NA,NA,NA,NA,NA,hs,3.91,30,0,0.91,0.21,NA,NA,NA,NA,ACLR,HS,NA,NA,NA,NA,NA,NA,NA,NA,NA,NA,NA,NA,3.91,30,0,1.15,0.25,NA,NA,NA,NA,Healthy Control,NA,-0.2340726218463999,0.0033504472358623872,0.05788304791441435,-4.043889018983568,5.2571811779333595e-5,-0.3475213110740583,-0.1206239326187415
Czamara 2018,#2096,Czamara 2018,hs isk con 60,nm/kg,1,NA,NA,NA,NA,NA,NA,NA,NA,NA,NA,NA,hs,3.91,30,0,1.32,0.25,NA,NA,NA,NA,ACLR,HS,NA,NA,NA,NA,NA,NA,NA,NA,NA,NA,NA,NA,3.91,30,0,1.62,0.27,NA,NA,NA,NA,Healthy Control,NA,-0.20479441264601328,0.0021215947352310987,0.046060772195341,-4.44617844827899,8.741134575639281e-6,-0.29507186724898554,-0.11451695804304102
Czamara 2018,#2096,Czamara 2018,hs mvic 30 prone,nm/kg,1,NA,NA,NA,NA,NA,NA,NA,NA,NA,NA,NA,hs,3.91,30,0,1.29,0.28,NA,NA,NA,NA,ACLR,HS,NA,NA,NA,NA,NA,NA,NA,NA,NA,NA,NA,NA,3.91,30,0,1.81,0.41,NA,NA,NA,NA,Healthy Control,NA,-0.3386846269041537,0.003280785445818666,0.05727814108208005,-5.91298216921558,3.3596856139039683e-9,-0.4509477205264346,-0.22642153328187273
Czamara 2018,#2096,Czamara 2018,quad isk con 180,nm/kg,1,NA,NA,NA,NA,NA,NA,NA,NA,NA,NA,NA,hs,3.91,30,0,1.35,0.32,NA,NA,NA,NA,ACLR,HS,NA,NA,NA,NA,NA,NA,NA,NA,NA,NA,NA,NA,3.91,30,0,2.01,0.31,NA,NA,NA,NA,Healthy Control,NA,-0.39803012962064604,0.0026657698954809313,0.051631094269644635,-7.709116671862969,1.2669155316663997e-14,-0.49922521487154187,-0.2968350443697502
Czamara 2018,#2096,Czamara 2018,quad isk con 60,nm/kg,1,NA,NA,NA,NA,NA,NA,NA,NA,NA,NA,NA,hs,3.91,30,0,1.9,0.39,NA,NA,NA,NA,ACLR,HS,NA,NA,NA,NA,NA,NA,NA,NA,NA,NA,NA,NA,3.91,30,0,2.72,0.45,NA,NA,NA,NA,Healthy Control,NA,-0.3587779941355112,0.002316791562029733,0.04813306100831042,-7.4538786152321865,9.063539271477468e-14,-0.4531170601774688,-0.2644389280935536
Czamara 2018,#2096,Czamara 2018,quad mvic 70,nm/kg,1,NA,NA,NA,NA,NA,NA,NA,NA,NA,NA,NA,hs,3.91,30,0,2.68,0.69,NA,NA,NA,NA,ACLR,HS,NA,NA,NA,NA,NA,NA,NA,NA,NA,NA,NA,NA,3.91,30,0,3.88,0.88,NA,NA,NA,NA,Healthy Control,NA,-0.3700183591124166,0.00392423818356169,0.06264374017858201,-5.906709242736538,3.4900893059820698e-9,-0.49279783371932206,-0.24723888450551113
Czamara 2021,#9476,Czamara 2021,hs isk con 180,nm/kg,2,NA,NA,NA,NA,NA,NA,NA,NA,NA,NA,NA,hs,4.14,40,0,0.98,0.24229141174447,1.14,0.207537454142126,NA,NA,ACLR-I + ACLR-II,HS,NA,NA,NA,NA,NA,NA,NA,NA,NA,NA,NA,NA,2.99,20,NA,1.08,0.22,1.07,0.19,NA,NA,Healthy Control,NA,-0.09716374845364786,0.003602902599366266,0.06002418345439,-1.618743360790218,0.1055024931619281,-0.21480898622567726,0.020481489318381535
Czamara 2021,#9476,Czamara 2021,hs isk con 180,nm/kg,3,NA,NA,NA,NA,NA,NA,NA,NA,NA,NA,NA,hs,5.52,40,0,1.145,0.247438155961527,1.24,0.202414907731113,NA,NA,ACLR-I + ACLR-II,HS,NA,NA,NA,NA,NA,NA,NA,NA,NA,NA,NA,NA,2.99,20,NA,1.08,0.22,1.07,0.19,NA,NA,Healthy Control,NA,0.05844359587007458,0.0032422746955286857,0.05694097554071835,1.026389086507338,0.3047082201606259,-0.0531586654343095,0.17004585717445866
Czamara 2021,#9476,Czamara 2021,hs isk con 60,nm/kg,2,NA,NA,NA,NA,NA,NA,NA,NA,NA,NA,NA,hs,4.14,40,0,1.38,0.301785286212497,1.605,0.248853782627882,NA,NA,ACLR-I + ACLR-II,HS,NA,NA,NA,NA,NA,NA,NA,NA,NA,NA,NA,NA,2.99,20,NA,1.56,0.26,1.51,0.33,NA,NA,Healthy Control,NA,-0.12260232209233252,0.0025844670102704104,0.05083765346935685,-2.411644002535107,0.015880779196136813,-0.22224229195079964,-0.022962352233865377
Czamara 2021,#9476,Czamara 2021,hs isk con 60,nm/kg,3,NA,NA,NA,NA,NA,NA,NA,NA,NA,NA,NA,hs,5.52,40,0,1.53,0.322390907805877,1.67,0.273322388774005,NA,NA,ACLR-I + ACLR-II,HS,NA,NA,NA,NA,NA,NA,NA,NA,NA,NA,NA,NA,2.99,20,NA,1.56,0.26,1.51,0.33,NA,NA,Healthy Control,NA,-0.019418085857101627,0.002498888220725976,0.04998888097093169,-0.3884481004564427,0.69768445426091,-0.11739449218758738,0.07855832047338412
Czamara 2021,#9476,Czamara 2021,hs mvic 30,nm/kg,1,NA,NA,NA,NA,NA,NA,NA,NA,NA,NA,NA,hs,2.99,40,0,1.08,0.291076692687067,1.4,0.327280950427642,NA,NA,ACLR-I + ACLR-II,HS,NA,NA,NA,NA,NA,NA,NA,NA,NA,NA,NA,NA,2.99,20,NA,1.71,0.37,1.61,0.44,NA,NA,Healthy Control,NA,-0.45953232937844,0.004156855742546643,0.06447368255766568,-7.127440393488169,1.0225252951841335e-12,-0.5858984251421331,-0.333166233614747
Czamara 2021,#9476,Czamara 2021,hs mvic 30,nm/kg,3,NA,NA,NA,NA,NA,NA,NA,NA,NA,NA,NA,hs,5.52,40,0,1.455,0.399236450727816,1.62,0.321004033843174,NA,NA,ACLR-I + ACLR-II,HS,NA,NA,NA,NA,NA,NA,NA,NA,NA,NA,NA,NA,2.99,20,NA,1.71,0.37,1.61,0.44,NA,NA,Healthy Control,NA,-0.16148746989111254,0.004223128594555652,0.06498560297908801,-2.4849730169169666,0.012956125467427875,-0.28885691124374385,-0.034118028538481227
Czamara 2021,#9476,Czamara 2021,quad isk con 180,nm/kg,2,NA,NA,NA,NA,NA,NA,NA,NA,NA,NA,NA,hs,4.14,40,0,1.365,0.324854997238413,1.94,0.195264449217478,NA,NA,ACLR-I + ACLR-II,HS,NA,NA,NA,NA,NA,NA,NA,NA,NA,NA,NA,NA,2.99,20,NA,1.89,0.3,1.83,0.27,NA,NA,Healthy Control,NA,-0.325422400434628,0.0026757323742389975,0.05172748180840623,-6.291093033292482,3.152383253517174e-10,-0.426806401790055,-0.22403839907920098
Czamara 2021,#9476,Czamara 2021,quad isk con 180,nm/kg,3,NA,NA,NA,NA,NA,NA,NA,NA,NA,NA,NA,hs,5.52,40,0,1.73,0.362395873639269,2.06,0.286937856222098,NA,NA,ACLR-I + ACLR-II,HS,NA,NA,NA,NA,NA,NA,NA,NA,NA,NA,NA,NA,2.99,20,NA,1.89,0.3,1.83,0.27,NA,NA,Healthy Control,NA,-0.08845542056186342,0.0023567825205908334,0.048546704528637505,-1.822068488906058,0.06844459427664182,-0.18360521300610044,0.006694371882373609
Czamara 2021,#9476,Czamara 2021,quad isk con 60,nm/kg,2,NA,NA,NA,NA,NA,NA,NA,NA,NA,NA,NA,hs,4.14,40,0,1.895,0.42659354341346,2.76,0.432114657149091,NA,NA,ACLR-I + ACLR-II,HS,NA,NA,NA,NA,NA,NA,NA,NA,NA,NA,NA,NA,2.99,20,NA,2.63,0.45,2.46,0.27,NA,NA,Healthy Control,NA,-0.3277650076552835,0.0027307287941022874,0.05225637563113507,-6.27224915039834,3.558695125125707e-10,-0.4301856218549047,-0.22534439345566223
Czamara 2021,#9476,Czamara 2021,quad isk con 60,nm/kg,3,NA,NA,NA,NA,NA,NA,NA,NA,NA,NA,NA,hs,5.52,40,0,2.405,0.52128539355948,2.725,0.454747041546036,NA,NA,ACLR-I + ACLR-II,HS,NA,NA,NA,NA,NA,NA,NA,NA,NA,NA,NA,NA,2.99,20,NA,2.63,0.45,2.46,0.27,NA,NA,Healthy Control,NA,-0.08943394263194869,0.002638327509058386,0.05136465233074576,-1.7411573635516555,0.08165599854888476,-0.19010681127863172,0.011238926014734335
Czamara 2021,#9476,Czamara 2021,quad mvic 70,nm/kg,1,NA,NA,NA,NA,NA,NA,NA,NA,NA,NA,NA,hs,2.99,40,0,2.155,0.78815591324924,3.485,0.551292188338522,NA,NA,ACLR-I + ACLR-II,HS,NA,NA,NA,NA,NA,NA,NA,NA,NA,NA,NA,NA,2.99,20,NA,3.71,0.87,3.78,0.93,NA,NA,Healthy Control,NA,-0.5432411530636327,0.0060935708026318685,0.0780613271897927,-6.959158556743921,3.4231108201258423e-12,-0.6962385429410236,-0.3902437631862418
Czamara 2021,#9476,Czamara 2021,quad mvic 70,nm/kg,3,NA,NA,NA,NA,NA,NA,NA,NA,NA,NA,NA,hs,5.52,40,0,3.455,0.898946677064401,3.855,0.868799643481062,NA,NA,ACLR-I + ACLR-II,HS,NA,NA,NA,NA,NA,NA,NA,NA,NA,NA,NA,NA,2.99,20,NA,3.71,0.87,3.78,0.93,NA,NA,Healthy Control,NA,-0.07120941939971047,0.004441978207431095,0.0666481673223735,-1.068437771968649,0.28532308635284886,-0.20183742698716184,0.059418588187740914
Dalton 2011,#2056,Dalton 2011,hip abd hhd sidely,n/kg,1,19.92,NA,NA,NA,NA,NA,NA,NA,NA,NA,NA,mixed,36.36,17,11,0.82,0.23,NA,NA,NA,NA,ACLR,mixed,19.92,NA,NA,NA,NA,NA,NA,NA,NA,NA,NA,NA,36.36,17,11,0.85,0.22,NA,NA,NA,NA,Healthy Control,NA,-0.03593200922606333,0.008568413415439353,0.09256572484153815,-0.38817833801414925,0.6978840625307363,-0.21735749611832267,0.14549347766619602
Dalton 2011,#2056,Dalton 2011,hip er hhd seated,NA,1,19.92,NA,NA,NA,NA,NA,NA,NA,NA,NA,NA,mixed,36.36,17,11,0.31,0.09,NA,NA,NA,NA,ACLR,mixed,19.92,NA,NA,NA,NA,NA,NA,NA,NA,NA,NA,NA,36.36,17,11,0.37,0.18,NA,NA,NA,NA,Healthy Control,NA,-0.17693070815907821,0.018879782492143095,0.13740372080894714,-1.2876704292825616,0.19786071134422153,-0.4462370522864113,0.0923756359682549
Dalton 2011,#2056,Dalton 2011,hip ext hhd prone,n/kg,1,19.92,NA,NA,NA,NA,NA,NA,NA,NA,NA,NA,mixed,36.36,17,11,0.53,0.25,NA,NA,NA,NA,ACLR,mixed,19.92,NA,NA,NA,NA,NA,NA,NA,NA,NA,NA,NA,36.36,17,11,0.43,0.14,NA,NA,NA,NA,Healthy Control,NA,0.20909179785855955,0.019323667941226814,0.1390095965796132,1.504153691567683,0.13254179825720336,-0.06336200494292457,0.4815456006600437
Dalton 2011,#2056,Dalton 2011,sebt anterior,cm/cm,1,19.92,NA,NA,NA,NA,NA,NA,NA,NA,NA,NA,mixed,36.36,17,11,0.76,0.07,NA,NA,NA,NA,ACLR,mixed,19.92,NA,NA,NA,NA,NA,NA,NA,NA,NA,NA,NA,36.36,17,11,0.76,0.07,NA,NA,NA,NA,Healthy Control,NA,0,9.980446472217697e-4,0.031591844631514786,0,1,-0.06191887768295403,0.06191887768295403
Dalton 2011,#2056,Dalton 2011,sebt posterolateral,cm/cm,1,19.92,NA,NA,NA,NA,NA,NA,NA,NA,NA,NA,mixed,36.36,17,11,0.83,0.12,NA,NA,NA,NA,ACLR,mixed,19.92,NA,NA,NA,NA,NA,NA,NA,NA,NA,NA,NA,36.36,17,11,0.91,0.11,NA,NA,NA,NA,Healthy Control,NA,-0.09201889872025214,0.002089097089858541,0.04570664163837178,-2.0132500534233113,0.04408832992970222,-0.18160227018573963,-0.0024355272547646467
Dalton 2011,#2056,Dalton 2011,sebt posteromedial,cm/cm,1,19.92,NA,NA,NA,NA,NA,NA,NA,NA,NA,NA,mixed,36.36,17,11,0.86,0.12,NA,NA,NA,NA,ACLR,mixed,19.92,NA,NA,NA,NA,NA,NA,NA,NA,NA,NA,NA,36.36,17,11,0.95,0.12,NA,NA,NA,NA,Healthy Control,NA,-0.09952959534703305,0.0020838624967866844,0.04564934278592283,-2.1803073006721494,0.02923469026614495,-0.18900066312536512,-0.010058527568700987
Dalton 2011,#2056,Dalton 2011,vertical hop,m,1,19.92,NA,NA,NA,NA,NA,NA,NA,NA,NA,NA,mixed,36.36,17,11,0.16,0.11,NA,NA,NA,NA,ACLR,mixed,19.92,NA,NA,NA,NA,NA,NA,NA,NA,NA,NA,NA,36.36,17,11,0.17,0.08,NA,NA,NA,NA,Healthy Control,NA,-0.060624621816434854,0.04082997277630775,0.20206427882312042,-0.3000264181750967,0.7641570045617732,-0.4566633308718104,0.3354140872389407
Duckett 2021,#9523,Duckett 2021,quad mvic 90,nm/kg,1,1,NA,NA,NA,NA,NA,NA,NA,NA,NA,NA,mixed,6.2,77,37,1.57,0.59,NA,NA,69,22,ACLR,mixed,1,NA,NA,NA,NA,NA,NA,NA,NA,NA,NA,NA,6.2,76,42,2.1,0.62,NA,NA,87,20,Healthy Control,NA,-0.2908617253691606,0.0029809768239486903,0.05459832253786457,-5.327301496624638,9.968262412583792e-8,-0.39787247115967667,-0.18385097957864455
Duckett 2021,#9523,Duckett 2021,single hop,cm/height,1,1,NA,NA,NA,NA,NA,NA,NA,NA,NA,NA,mixed,6.2,77,37,0.68,0.2,NA,NA,88,12,ACLR,mixed,1,NA,NA,NA,NA,NA,NA,NA,NA,NA,NA,NA,6.2,76,42,0.78,0.16,NA,NA,99,6,Healthy Control,NA,-0.137201121513485,0.0016770964055331482,0.040952367520488336,-3.3502610427796085,8.073543543510459e-4,-0.21746628693529002,-0.05693595609168001
Engelen-VanMelick 2017,#1938,Engelen-VanMelick 2017,hs isk con 180,nm,1,NA,NA,NA,NA,NA,NA,NA,NA,NA,NA,NA,quad,51.6411764705882,51,0,114.529411764706,19.0398035086253,114.647058823529,23.6798002773771,NA,NA,Men BPTB + Men STG,mixed,NA,NA,NA,NA,NA,NA,NA,NA,NA,NA,NA,NA,50,22,0,107,23,NA,NA,NA,NA,Healthy Control - Men,NA,0.06800282685407834,0.002642125041575442,0.051401605437723846,1.3229708736717938,0.18584506406746965,-0.03274246855139859,0.16874812225955527
Engelen-VanMelick 2017,#1938,Engelen-VanMelick 2017,hs isk con 60,nm,1,NA,NA,NA,NA,NA,NA,NA,NA,NA,NA,NA,quad,54.8463917525773,97,46,121.39175257732,35.148511318947,122.835051546392,33.9110909869382,NA,NA,Men BPTB + Men STG + Women BPTB + Women STG,mixed,NA,NA,NA,NA,NA,NA,NA,NA,NA,NA,NA,NA,50,44,22,110.5,30.5503777619091,NA,NA,NA,NA,Healthy Control - Men + Healthy Control - Women,NA,0.09400741942343169,0.002601522994777497,0.05100512714205795,1.8430974431571368,0.06531478459374106,-0.0059607928018882705,0.19397563164875165
Engelen-VanMelick 2017,#1938,Engelen-VanMelick 2017,hs isk ecc 60,nm,1,NA,NA,NA,NA,NA,NA,NA,NA,NA,NA,NA,quad,51.6411764705882,51,0,178.705882352941,38.6423571318557,172.941176470588,34.9267300299962,NA,NA,Men BPTB + Men STG,mixed,NA,NA,NA,NA,NA,NA,NA,NA,NA,NA,NA,NA,50,44,22,132,41.3383655351331,NA,NA,NA,NA,Healthy Control - Men + Healthy Control - Women,NA,0.3029394165131302,0.003145789456894604,0.0560873377590219,5.401208697312453,6.619336153900901e-8,0.19301025451671383,0.4128685785095466
Engelen-VanMelick 2017,#1938,Engelen-VanMelick 2017,quad isk con 180,nm,1,NA,NA,NA,NA,NA,NA,NA,NA,NA,NA,NA,quad,58.4,46,46,88,16.6386431070699,92.5,18.6246551049349,NA,NA,Women BPTB + Women STG,mixed,NA,NA,NA,NA,NA,NA,NA,NA,NA,NA,NA,NA,50,44,22,103.25,32.0445728815784,NA,NA,NA,NA,Healthy Control - Men + Healthy Control - Women,NA,-0.15981641736293564,0.0029663172441446958,0.05446390772011035,-2.934354585503323,0.0033424212833357498,-0.2665637149516649,-0.053069119774206364
Engelen-VanMelick 2017,#1938,Engelen-VanMelick 2017,quad isk con 60,nm,1,NA,NA,NA,NA,NA,NA,NA,NA,NA,NA,NA,quad,54.8463917525773,97,46,172.536082474227,49.4715957763624,174.061855670103,41.8436610175777,NA,NA,Men BPTB + Men STG + Women BPTB + Women STG,mixed,NA,NA,NA,NA,NA,NA,NA,NA,NA,NA,NA,NA,50,44,22,153,42.7760528529038,NA,NA,NA,NA,Healthy Control - Men + Healthy Control - Women,NA,0.12016846696883214,0.002624081821055774,0.05122579253711722,2.345858619595986,0.018983306675619854,0.01976775851656172,0.22056917542110255
Engelen-VanMelick 2017,#1938,Engelen-VanMelick 2017,quad isk ecc 60,nm,1,NA,NA,NA,NA,NA,NA,NA,NA,NA,NA,NA,quad,54.8463917525773,97,46,199.659793814433,62.8712120459254,202.814432989691,59.8516969087112,NA,NA,Men BPTB + Men STG + Women BPTB + Women STG,mixed,NA,NA,NA,NA,NA,NA,NA,NA,NA,NA,NA,NA,50,44,22,177,57.3134993636083,NA,NA,NA,NA,Healthy Control - Men + Healthy Control - Women,NA,0.12046515465051989,0.003405183300617869,0.058353948457819625,2.0643873779611766,0.038981002257231764,0.006093517317486807,0.23483679198355298
Engelen-VanMelick 2017,#1938,Engelen-VanMelick 2017,side hop,reps,1,NA,NA,NA,NA,NA,NA,NA,NA,NA,NA,NA,quad,54.8463917525773,97,46,25.8144329896907,13.1496434496238,28.4536082474227,12.1363955200847,NA,NA,Men BPTB + Men STG + Women BPTB + Women STG,mixed,NA,NA,NA,NA,NA,NA,NA,NA,NA,NA,NA,NA,50,44,22,32,16.6803044978062,NA,NA,NA,NA,Healthy Control - Men + Healthy Control - Women,NA,-0.21480214908312104,0.00885030564282084,0.09407606307037322,-2.283281656062065,0.022413782852134377,-0.39918784450837114,-0.030416453657870934
Engelen-VanMelick 2017,#1938,Engelen-VanMelick 2017,single hop,cm,1,NA,NA,NA,NA,NA,NA,NA,NA,NA,NA,NA,quad,54.8463917525773,97,46,104.536082474227,27.5058940106745,110.061855670103,25.013668943612,NA,NA,Men BPTB + Men STG + Women BPTB + Women STG,mixed,NA,NA,NA,NA,NA,NA,NA,NA,NA,NA,NA,NA,50,44,22,108,34.5014323935877,NA,NA,NA,NA,Healthy Control - Men + Healthy Control - Women,NA,-0.03259892848242652,0.0030331435448326016,0.05507398246751911,-0.5919115891365281,0.5539097929009944,-0.14054195060395433,0.0753440936391013
Engelen-VanMelick 2017,#1938,Engelen-VanMelick 2017,vertical hop,cm,1,NA,NA,NA,NA,NA,NA,NA,NA,NA,NA,NA,quad,54.8463917525773,97,46,12.8144329896907,4.14660980226422,13.8144329896907,4.39893428596446,NA,NA,Men BPTB + Men STG + Women BPTB + Women STG,mixed,NA,NA,NA,NA,NA,NA,NA,NA,NA,NA,NA,NA,50,44,22,13.5,4.31331092813754,NA,NA,NA,NA,Healthy Control - Men + Healthy Control - Women,NA,-0.05211757243705723,0.003399554250133898,0.0583056965495988,-0.8938675896397613,0.37139274050275833,-0.16639463776779218,0.062159492893677705
Falstrom 2017,#1823,Falstrom 2017,sebt anterior,m/leg length,1,NA,NA,NA,NA,NA,NA,NA,NA,NA,NA,NA,mixed,18,77,77,0.84,0.06,0.84,0.06,99.4,3,ACLR,mixed,NA,NA,NA,NA,NA,NA,NA,NA,NA,NA,NA,NA,18,77,77,0.85,0.06,0.85,0.06,100.9,3.7,Healthy Control,NA,-0.011834457647002796,1.3097064647096427e-4,0.011444240755548804,-1.034097228447837,0.30109071182896646,-0.0342647573582839,0.010595842064278311
Falstrom 2017,#1823,Falstrom 2017,sebt composite,m/leg length,1,NA,NA,NA,NA,NA,NA,NA,NA,NA,NA,NA,mixed,18,77,77,0.92,0.06,0.93,0.06,99.5,2.5,ACLR,mixed,NA,NA,NA,NA,NA,NA,NA,NA,NA,NA,NA,NA,18,77,77,0.93,0.06,0.92,0.06,101,3.4,Healthy Control,NA,-0.010810916104215617,1.0929401342664149e-4,0.010454377715896891,-1.0341042191135466,0.30108744407697857,-0.03130111990815163,0.0096792876997204
Falstrom 2017,#1823,Falstrom 2017,sebt posterolateral,m/leg length,1,NA,NA,NA,NA,NA,NA,NA,NA,NA,NA,NA,mixed,18,77,77,0.94,0.07,0.95,0.07,99.5,4,ACLR,mixed,NA,NA,NA,NA,NA,NA,NA,NA,NA,NA,NA,NA,18,77,77,0.95,0.07,0.94,0.08,101.2,6.5,Healthy Control,NA,-0.010582109330536972,1.425306309129601e-4,0.011938619305135753,-0.8863763103648646,0.37541478035333703,-0.033981373193737646,0.012817154532663706
Falstrom 2017,#1823,Falstrom 2017,sebt posteromedial,m/leg length,1,NA,NA,NA,NA,NA,NA,NA,NA,NA,NA,NA,mixed,18,77,77,0.98,0.06,0.99,0.07,99.8,3.6,ACLR,mixed,NA,NA,NA,NA,NA,NA,NA,NA,NA,NA,NA,NA,18,77,77,1,0.06,0.99,0.07,101.1,3.8,Healthy Control,NA,-0.020202707317519466,9.543426169831835e-5,0.00976904609971303,-2.0680327548165556,0.03863694314961772,-0.03934968583626849,-0.0010557287987704445
Falstrom 2017,#1823,Falstrom 2017,side hop,NA,1,NA,NA,NA,NA,NA,NA,NA,NA,NA,NA,NA,mixed,18,77,77,34.9,15.2,36.1,13.6,97.2,20.2,ACLR,mixed,NA,NA,NA,NA,NA,NA,NA,NA,NA,NA,NA,NA,18,77,77,37.6,14.2,38.2,13.2,98.2,16.3,Healthy Control,NA,-0.07451722118746745,0.004315755973553769,0.06569441356427325,-1.1343007288521156,0.256668423552426,-0.2032759057589226,0.05424146338398769
Falstrom 2017,#1823,Falstrom 2017,single hop,cm,1,NA,NA,NA,NA,NA,NA,NA,NA,NA,NA,NA,mixed,18,77,77,122,20,121,20,99.8,8.1,ACLR,mixed,NA,NA,NA,NA,NA,NA,NA,NA,NA,NA,NA,NA,18,77,77,126,17,126,19,100.6,8.1,Healthy Control,NA,-0.032260862218221435,5.854295302673418e-4,0.024195651061034537,-1.3333330910105319,0.18242251893851008,-0.07968346688034747,0.0151617424439046
Faltstrom 2021,#9563,Faltstrom 2021,sebt anterior,cm/leg length,1,9,NA,NA,NA,NA,NA,NA,NA,NA,NA,combined no new acl and new acl groups from paper,mixed,19,117,117,83.76,5.99,84.52,6.28,99.48,3.11,ACLR,mixed,9,NA,NA,NA,NA,NA,NA,NA,NA,NA,combined no new acl and new acl groups from paper,NA,19,119,119,85.13,5.86,84.13,5.83,101,2.99,Healthy Control,NA,-0.01622393333368416,8.352969929654799e-5,0.009139458369977293,-1.7751526049923314,0.07587269299408582,-0.0341369425770428,0.0016890759096744798
Faltstrom 2021,#9563,Faltstrom 2021,sebt composite,cm/leg length,1,9,NA,NA,NA,NA,NA,NA,NA,NA,NA,combined no new acl and new acl groups from paper,mixed,19,117,117,92,6.22,92.76,5.99,100,2.785,ACLR,mixed,9,NA,NA,NA,NA,NA,NA,NA,NA,NA,combined no new acl and new acl groups from paper,NA,19,119,119,93.13,4.91,93.13,5.83,100.93,2.95,Healthy Control,NA,-0.012207789484526069,6.242588927534517e-5,0.007901005586338057,-1.545093134174597,0.12232373747532642,-0.02769347587539843,0.003277896906346294
Faltstrom 2021,#9563,Faltstrom 2021,side hop,reps,1,9,NA,NA,NA,NA,NA,NA,NA,NA,NA,combined no new acl and new acl groups from paper,mixed,19,117,117,34.15,15.19,37.43,13.68,93.44,21.4,ACLR,mixed,9,NA,NA,NA,NA,NA,NA,NA,NA,NA,combined no new acl and new acl groups from paper,NA,19,119,119,37.81,14.11,38.67,13.13,98.48,16.91,Healthy Control,NA,-0.10181103188604249,0.0028613087394145065,0.053491202448762605,-1.9033229246166936,0.056998421311146165,-0.20665186217535791,0.003029798403272957
Faltstrom 2021,#9563,Faltstrom 2021,single hop,cm,1,9,NA,NA,NA,NA,NA,NA,NA,NA,NA,combined no new acl and new acl groups from paper,mixed,19,117,117,121.68,20.15,123.44,18.84,98,8.21,ACLR,mixed,9,NA,NA,NA,NA,NA,NA,NA,NA,NA,combined no new acl and new acl groups from paper,NA,19,119,119,126.01,17.14,125.01,18.32,101,7.91,Healthy Control,NA,-0.034966620930564386,3.898593158838644e-4,0.019744855428284715,-1.7709231175465752,0.0765734875070254,-0.0736658264499526,0.003732584588823834
Goetschius 2015,#838,Goetschius 2015,quad mvic 90,nm/kg,1,37.4,NA,NA,NA,NA,NA,NA,NA,NA,NA,NA,other,45.1,32,14,2,0.6,NA,NA,NA,NA,ACLR,not stated,37.4,NA,NA,NA,NA,NA,NA,NA,NA,NA,NA,NA,45.1,32,15,2.6,0.8,NA,NA,NA,NA,Healthy Control,NA,-0.2623642644674911,0.005771079881656805,0.07596762390424493,-3.453632626422461,5.530902659920844e-4,-0.4112580713108952,-0.113470457624087
Goetschius 2016,#840,Goetschius 2016,quad mvic 90,nm/kg,1,29.9,NA,NA,NA,NA,NA,NA,NA,NA,NA,NA,other,44.1,53,26,2.23,0.76,NA,NA,NA,NA,ACLR,not stated,29.9,NA,NA,NA,NA,NA,NA,NA,NA,NA,NA,NA,44.1,50,22,2.57,0.76,NA,NA,NA,NA,Healthy Control,NA,-0.14190431343510101,0.003940505101566015,0.06277344264548516,-2.260578796618018,0.02378535196868705,-0.2649380002058427,-0.018870626664359375
Goetschius 2019,#839,Goetschius 2019,quad mvic 90,nm/kg,1,NA,NA,NA,NA,NA,NA,NA,NA,NA,NA,NA,mixed,53.4588235294118,51,37,1.51980392156863,0.257976667131572,NA,NA,NA,NA,Non-BTPB + BTB,mixed,NA,NA,NA,NA,NA,NA,NA,NA,NA,NA,NA,NA,45,21,13,1.87,0.33,NA,NA,NA,NA,Healthy Control,NA,-0.20735710329739934,0.0020479033324982965,0.045253765948242326,-4.582096074270548,4.603383002088914e-6,-0.2960528547207594,-0.11866135187403931
Gokeler 2017a,#823,Gokeler 2017a,single hop,cm,1,NA,NA,NA,NA,NA,NA,NA,NA,NA,NA,NA,mixed,6.88846153846154,52,14,149.715384615385,23.9976174031015,156.461538461538,24.3435874621614,95.6961538461539,NA,Male + Female,mixed,NA,NA,NA,NA,NA,NA,NA,NA,NA,NA,NA,NA,7,172,85,170.75,28.425777980579,NA,NA,NA,NA,Healthy Control - Male + Healthy Control - Female,NA,-0.13146444266390428,6.552125744291259e-4,0.025597120432367504,-5.135907494409714,2.80785757107574e-7,-0.18163387681927892,-0.08129500850852964
Gokeler 2017a,#823,Gokeler 2017a,triple hop,cm,1,NA,NA,NA,NA,NA,NA,NA,NA,NA,NA,NA,mixed,6.88846153846154,52,14,484.815384615385,74.786334561229,501.326923076923,75.5541387905793,96.2230769230769,NA,Male + Female,mixed,NA,NA,NA,NA,NA,NA,NA,NA,NA,NA,NA,NA,7,172,85,551.941860465116,102.885828353815,NA,NA,NA,NA,Healthy Control - Male + Healthy Control - Female,NA,-0.12967454729142747,6.596232387093407e-4,0.025683131403887276,-5.049016229843397,4.440910124385669e-7,-0.18001255985325615,-0.07933653472959878
Guney-Deniz 2020,#1160,Guney-Deniz 2020,hs isk con 180,nm/kg,1,NA,NA,NA,NA,NA,NA,NA,NA,NA,NA,NA,hs,13.3029850746269,67,13,1.4,0.196946385566932,1.4,0.232248560683148,91.8313432835821,13.2282778942324,Hamstring Tendon + Tibialis Anterior + Quads Tendon,mixed,NA,NA,NA,NA,NA,NA,NA,NA,NA,NA,NA,NA,13,20,NA,1.5,0.2,1.4,0.31,98.4,11.2,Healthy Control,NA,-0.06899287148695156,0.0011842580541940873,0.034413050637717185,-2.004846132744024,0.04497949893111666,-0.13644121133503037,-0.0015445316388727481
Guney-Deniz 2020,#1160,Guney-Deniz 2020,hs isk con 60,nm/kg,1,NA,NA,NA,NA,NA,NA,NA,NA,NA,NA,NA,hs,13.3029850746269,67,13,1.56865671641791,0.299600216057636,1.7,0.32937038191806,90.8850746268657,10.66456542369,Hamstring Tendon + Tibialis Anterior + Quads Tendon,mixed,NA,NA,NA,NA,NA,NA,NA,NA,NA,NA,NA,NA,13,20,NA,1.4,0.2,1.7,0.3,94.4,12.4,Healthy Control,NA,0.11374742187072624,0.0015648526634911264,0.03955821865922588,2.8754434786511234,0.004034603736736681,0.03621473800608317,0.1912801057353693
Guney-Deniz 2020,#1160,Guney-Deniz 2020,quad isk con 180,nm/kg,1,NA,NA,NA,NA,NA,NA,NA,NA,NA,NA,NA,hs,13.3029850746269,67,13,1.30298507462687,0.306974556863817,1.7,0.301762499427291,90.9507462686567,13.994185731336101,Hamstring Tendon + Tibialis Anterior + Quads Tendon,mixed,NA,NA,NA,NA,NA,NA,NA,NA,NA,NA,NA,NA,13,20,NA,1.8,0.3,1.1,0.2,100.5,11.5,Healthy Control,NA,-0.3231288214475252,0.00221730984697293,0.047088319644822005,-6.862186289186422,6.7814546426488025e-12,-0.41542023204388623,-0.23083741085116416
Guney-Deniz 2020,#1160,Guney-Deniz 2020,quad isk con 60,nm/kg,1,NA,NA,NA,NA,NA,NA,NA,NA,NA,NA,NA,hs,13.3029850746269,67,13,1.66716417910448,0.429724386548392,1.9,0.548275533473874,85.7179104477612,12.2738379734262,Hamstring Tendon + Tibialis Anterior + Quads Tendon,mixed,NA,NA,NA,NA,NA,NA,NA,NA,NA,NA,NA,NA,13,20,NA,1.9,0.2,2.2,0.6,100.6,9.3,Healthy Control,NA,-0.1307297994882043,0.0015456438803706039,0.039314677670948844,-3.3252161084053773,8.835002451680964e-4,-0.20778515178706508,-0.05367444718934351
Guney-Deniz 2020,#1160,Guney-Deniz 2020,single hop,cm,1,NA,NA,NA,NA,NA,NA,NA,NA,NA,NA,NA,hs,13.3029850746269,67,13,140.029850746269,28.534553826871,153.201492537313,23.084800801428,93.1805970149254,14.1638917653731,Hamstring Tendon + Tibialis Anterior + Quads Tendon,mixed,NA,NA,NA,NA,NA,NA,NA,NA,NA,NA,NA,NA,13,20,NA,144,21,153.1,23.1,94.6,6.3,Healthy Control,NA,-0.027957680078560802,0.0016831317301215173,0.04102598847220524,-0.6814626806006611,0.4955787730599032,-0.10836713991423849,0.052451779757116894
Hsieh 2015,#692,Hsieh 2015,quad isk con 60,nm/kg,1,NA,NA,NA,NA,NA,NA,NA,NA,NA,NA,NA,mixed,2.83,28,14,1.4,0.5,2.2,0.4,63,19.3,ACLR,mixed,NA,NA,NA,NA,NA,NA,NA,NA,NA,NA,NA,NA,2.83,28,14,2.2,0.4,NA,NA,86.6,9.6,Healthy Control,NA,-0.45198512374305744,0.005736031130279739,0.07573659043210051,-5.9678567673081595,2.403902464536238e-9,-0.6004261133018353,-0.3035441341842796
Johnson 2018,#369,Johnson 2018,quad isk con 90,nm/kg,1,1.36,NA,NA,NA,NA,NA,NA,NA,NA,NA,NA,quad,7.52,67,24,1.43,0.5,2.05,0.57,70.93,22.54,ACLR,BPTB,1.36,NA,NA,NA,NA,NA,NA,NA,NA,NA,NA,NA,7.52,10,4,2.28,0.55,2.24,0.33,100.92,15.86,Healthy Control,NA,-0.4665009986945334,0.007643805154364273,0.08742885767505071,-5.33577826703845,9.513560405593396e-8,-0.637858410947111,-0.2951435864419557
Johnson 2018,#369,Johnson 2018,quad mvic 90,nm/kg,1,1.36,NA,NA,NA,NA,NA,NA,NA,NA,NA,NA,quad,7.52,67,24,2.34,0.68,3.24,0.72,71.97,16.47,ACLR,BPTB,1.36,NA,NA,NA,NA,NA,NA,NA,NA,NA,NA,NA,7.52,10,4,3.14,0.93,3.26,0.84,95.44,6.91,Healthy Control,NA,-0.294071870550552,0.010032569597643565,0.10016271560637503,-2.9359414705389164,0.003325370592012352,-0.49038718573277507,-0.09775655536832897
Kim 2020,#6530,Kim 2020,quad mvic 90,nm/kg,1,9.1,NA,NA,NA,NA,NA,NA,NA,NA,NA,NA,mixed,31.6,20,4,2.7,0.2,NA,NA,NA,NA,ACLR,mixed,9.1,NA,NA,NA,NA,NA,NA,NA,NA,NA,NA,NA,31.6,30,8,3.3,0.2,NA,NA,NA,NA,Healthy Control,NA,-0.2006706954621511,3.967849085694204e-4,0.019919460549156956,-10.074102908908545,7.191403620989659e-24,-0.23971212072996517,-0.16162927019433704
Kline 2018,#6462,Kline 2018,6m timed hop,sec/leg length,1,NA,NA,NA,NA,NA,NA,NA,NA,NA,NA,NA,mixed,8.3,20,11,3.3,2,NA,NA,NA,NA,ACLR,mixed,NA,NA,NA,NA,NA,NA,NA,NA,NA,NA,NA,NA,8.3,45,22,2.3,0.6,NA,NA,NA,NA,Healthy Control,NA,0.3610133455373305,0.019877760245521032,0.14098851104086826,2.5605869788403095,0.010449550252299385,0.08468094166330098,0.63734574941136
Kline 2018,#6462,Kline 2018,hip abd hhd sidely,n/kg,1,NA,NA,NA,NA,NA,NA,NA,NA,NA,NA,NA,mixed,8.3,20,11,4.1,0.7,NA,NA,NA,NA,ACLR,mixed,NA,NA,NA,NA,NA,NA,NA,NA,NA,NA,NA,NA,8.3,45,22,4.3,1,NA,NA,NA,NA,Healthy Control,NA,-0.047628048989254705,0.002659316644479613,0.051568562559757405,-0.9235869030489952,0.35570143532012555,-0.14870057434087985,0.05344447636237045
Kline 2018,#6462,Kline 2018,hip er hhd seated,n/kg,1,NA,NA,NA,NA,NA,NA,NA,NA,NA,NA,NA,mixed,8.3,20,11,1.4,0.4,NA,NA,NA,NA,ACLR,mixed,NA,NA,NA,NA,NA,NA,NA,NA,NA,NA,NA,NA,8.3,45,22,1.7,0.5,NA,NA,NA,NA,Healthy Control,NA,-0.1941560144409575,0.0060039702155371966,0.07748529031717695,-2.5057144865328973,0.01222042544808605,-0.34602439279425445,-0.042287636087660535
Kline 2018,#6462,Kline 2018,hip ext hhd prone,n/kg,1,NA,NA,NA,NA,NA,NA,NA,NA,NA,NA,NA,mixed,8.3,20,11,2.9,1.1,NA,NA,NA,NA,ACLR,mixed,NA,NA,NA,NA,NA,NA,NA,NA,NA,NA,NA,NA,8.3,45,22,3.1,1,NA,NA,NA,NA,Healthy Control,NA,-0.06669137449867228,0.009506222943164992,0.09749986124690123,-0.6840150708500817,0.4939656491929962,-0.2577875910402512,0.12440484204290662
Kline 2018,#6462,Kline 2018,quad mvic 90 hhd,n/kg,1,NA,NA,NA,NA,NA,NA,NA,NA,NA,NA,NA,mixed,8.3,20,11,4.4,1.5,NA,NA,NA,NA,ACLR,mixed,NA,NA,NA,NA,NA,NA,NA,NA,NA,NA,NA,NA,8.3,45,22,5.4,1.8,NA,NA,NA,NA,Healthy Control,NA,-0.20479441264601314,0.008280086215692276,0.0909949790685853,-2.250612228743459,0.024410108213670415,-0.38314129439441635,-0.0264475308976099
Kline 2018,#6462,Kline 2018,single hop,cm/leg length,1,NA,NA,NA,NA,NA,NA,NA,NA,NA,NA,NA,mixed,8.3,20,11,146,37,NA,NA,NA,NA,ACLR,mixed,NA,NA,NA,NA,NA,NA,NA,NA,NA,NA,NA,NA,8.3,45,22,182,38,NA,NA,NA,NA,Healthy Control,NA,-0.22040006536845885,0.004179953271617378,0.06465255812121727,-3.4089921848912788,6.520334759538703e-4,-0.3471167507944273,-0.09368337994249043
Kline 2018,#6462,Kline 2018,triple crossover hop,cm/leg length,1,NA,NA,NA,NA,NA,NA,NA,NA,NA,NA,NA,mixed,8.3,20,11,364,107,NA,NA,NA,NA,ACLR,mixed,NA,NA,NA,NA,NA,NA,NA,NA,NA,NA,NA,NA,8.3,45,22,446,123,NA,NA,NA,NA,Healthy Control,NA,-0.20316508438332337,0.006010668459750313,0.0775285009512651,-2.620521252062312,0.008779545775468512,-0.35511815402318225,-0.051212014743464485
Kline 2018,#6462,Kline 2018,triple hop,cm/leg length,1,NA,NA,NA,NA,NA,NA,NA,NA,NA,NA,NA,mixed,8.3,20,11,417,106,NA,NA,NA,NA,ACLR,mixed,NA,NA,NA,NA,NA,NA,NA,NA,NA,NA,NA,NA,8.3,45,22,519,102,NA,NA,NA,NA,Healthy Control,NA,-0.21881766136708722,0.004089124329424108,0.06394626126228263,-3.421899217369136,6.218535921562666e-4,-0.34415003038715,-0.09348529234702446
Konishi 2010,#6381,Konishi 2010,quad isk con 180,nm,1,NA,NA,NA,NA,NA,NA,NA,NA,NA,NA,NA,hs,12,52,25,45,17,49,19,NA,NA,Patient at 12 months,HS - ST,NA,NA,NA,NA,NA,NA,NA,NA,NA,NA,NA,NA,12,35,10,70,31,NA,NA,NA,NA,Healthy Control,NA,-0.4418327522790392,0.00834803795348013,0.09136759794084624,-4.835770691543114,1.326307483575458e-6,-0.6209099535970338,-0.2627555509610445
Konishi 2010,#6381,Konishi 2010,quad isk con 60,nm,1,NA,NA,NA,NA,NA,NA,NA,NA,NA,NA,NA,hs,12,52,25,57,20,62,22,NA,NA,Patient at 12 months,HS - ST,NA,NA,NA,NA,NA,NA,NA,NA,NA,NA,NA,NA,12,35,10,96,28,NA,NA,NA,NA,Healthy Control,NA,-0.5212969236332861,0.0047981479508487825,0.0692686649997586,-7.525724996072939,5.242858601265233e-14,-0.6570610122899831,-0.385532834976589
Krolikowska 2015,#6330,Krolikowska 2015,knee er isk con 180,nm/kg,1,NA,NA,NA,NA,NA,NA,NA,NA,NA,NA,NA,hs,5.52,40,0,0.39,0.269886015826055,NA,NA,NA,NA,ST + STGR,HS,NA,NA,NA,NA,NA,NA,NA,NA,NA,NA,right/left leg,NA,5.52,20,0,0.41,0.06,0.38,0.06,NA,NA,Healthy Control,NA,-0.050010420574661305,0.013042924913412692,0.11420562557690708,-0.43789804855964687,0.6614601902849284,-0.2738493335372656,0.173828492387943
Krolikowska 2015,#6330,Krolikowska 2015,knee er isk con 60,nm/kg,1,NA,NA,NA,NA,NA,NA,NA,NA,NA,NA,NA,hs,5.52,40,0,0.465,0.324807635378234,NA,NA,NA,NA,ST + STGR,HS,NA,NA,NA,NA,NA,NA,NA,NA,NA,NA,right/left leg,NA,5.52,20,0,0.46,0.07,0.45,0.08,NA,NA,Healthy Control,NA,0.010810916104215676,0.013355786949156111,0.11556723994781615,0.09354654579530752,0.925469373586245,-0.21569671198620255,0.23731854419463388
Krolikowska 2015,#6330,Krolikowska 2015,knee er mvic 0,nm/kg,1,NA,NA,NA,NA,NA,NA,NA,NA,NA,NA,NA,hs,5.52,40,0,0.475,0.0988394191060974,NA,NA,NA,NA,ST + STGR,HS,NA,NA,NA,NA,NA,NA,NA,NA,NA,NA,right/left leg,NA,5.52,20,0,0.46,0.08,0.47,0.08,NA,NA,Healthy Control,NA,0.03208831455150045,0.0025947505777216364,0.050938694307192806,0.6299398716030579,0.528733924939447,-0.06774969171009292,0.1319263208130938
Krolikowska 2015,#6330,Krolikowska 2015,knee ir isk con 180,nm/kg,1,NA,NA,NA,NA,NA,NA,NA,NA,NA,NA,NA,hs,5.52,40,0,0.4,0.279550921924285,NA,NA,NA,NA,ST + STGR,HS,NA,NA,NA,NA,NA,NA,NA,NA,NA,NA,right/left leg,NA,5.52,20,0,0.39,0.08,0.39,0.07,NA,NA,Healthy Control,NA,0.02531780798429,0.014314616206443084,0.11964370525206533,0.21161002938642237,0.8324112842049383,-0.20917954528668373,0.2598151612552637
Krolikowska 2015,#6330,Krolikowska 2015,knee ir isk con 60,nm/kg,1,NA,NA,NA,NA,NA,NA,NA,NA,NA,NA,NA,hs,5.52,40,0,0.485,0.0876034187367078,NA,NA,NA,NA,ST + STGR,HS,NA,NA,NA,NA,NA,NA,NA,NA,NA,NA,right/left leg,NA,5.52,20,0,0.46,0.1,0.45,0.09,NA,NA,Healthy Control,NA,0.05292240145434253,0.0031785891956472305,0.05637897831326168,0.9386903246150866,0.34788976245481323,-0.057578365524815114,0.1634231684335002
Krolikowska 2015,#6330,Krolikowska 2015,knee ir mvic 0,nm/kg,1,NA,NA,NA,NA,NA,NA,NA,NA,NA,NA,NA,hs,5.52,40,0,0.42,0.0840482157104038,NA,NA,NA,NA,ST + STGR,HS,NA,NA,NA,NA,NA,NA,NA,NA,NA,NA,right/left leg,NA,5.52,20,0,0.39,0.07,0.37,0.07,NA,NA,Healthy Control,NA,0.074107972153721835,0.002611930702590044,0.051107051397923986,1.4500537621846086,0.14704352761994122,-0.026060007942246582,0.17427595224969025
Krolikowska 2019,#6298,Krolikowska 2019,hs isk con 180,nm/kg,1,NA,NA,NA,NA,NA,NA,NA,NA,NA,NA,NA,hs,6.86846153846154,143,0,1.06307692307692,0.265810561499257,1.15307692307692,0.251340716981951,92.1907692307692,11.7916152220534,Group I + Group II,HS,NA,NA,NA,NA,NA,NA,NA,NA,NA,NA,NA,NA,6.85,98,0,1.09,0.24,1.09,0.23,100.41,8.99,Healthy Control,NA,-0.025010235363068248,9.319005964233109e-4,0.030527046965327497,-0.8192811899387051,0.4126260019300551,-0.0848421479694729,0.034821677243336395
Kuenze 2013,#6271,Kuenze 2013,quad mvic 60,nm/kg,1,39.2,NA,NA,NA,NA,NA,NA,NA,NA,NA,NA,mixed,44.7,26,13,2.59,0.68,NA,NA,NA,NA,ACLR,mixed,39.2,NA,NA,NA,NA,NA,NA,NA,NA,NA,NA,NA,44.7,26,13,3.35,0.84,NA,NA,NA,NA,Healthy Control,NA,-0.2573024701255287,0.005069433900476062,0.07119995716625159,-3.613800911772019,3.0174079035828695e-4,-0.3968518218721763,-0.11775311837888108
Landes 2010,#6165,Landes 2010,hs mvic 90 hhd,nm,1,NA,NA,NA,NA,NA,NA,NA,NA,NA,NA,NA,hs,28.2,40,19,63.85,21.2306623928936,72.75,19.7595157212534,NA,NA,Group 1 + Group 2,mixed,NA,NA,NA,NA,NA,NA,NA,NA,NA,NA,right/left,NA,24,20,7,70.7,19,71.4,19,NA,NA,Healthy Control,NA,-0.10190899042397886,0.006375136725264932,0.07984445331558687,-1.2763440188034283,0.20183393605711006,-0.2584012432878188,0.05458326243986111
Laudner 2015,#6574,Laudner 2015,hs isk con 180,nm/kg (%),1,1.9,NA,NA,NA,NA,NA,NA,NA,NA,NA,NA,quad,7.8,26,11,40.7,6.9,39.6,7.6,NA,NA,ACLR,BPTB,1.9,NA,NA,NA,NA,NA,NA,NA,NA,NA,NA,NA,7.8,26,11,36.4,7.4,36,7.2,NA,NA,Healthy Control,NA,0.11165931780585435,0.002695040197818086,0.051913776570560594,2.1508610080426016,0.031487171981539,0.009910185426096313,0.21340845018561239
Laudner 2015,#6574,Laudner 2015,hs isk con 300,nm/kg (%),1,1.9,NA,NA,NA,NA,NA,NA,NA,NA,NA,NA,quad,7.8,26,11,33.7,6.3,34.1,6,NA,NA,ACLR,BPTB,1.9,NA,NA,NA,NA,NA,NA,NA,NA,NA,NA,NA,7.8,26,11,30.1,5.6,31.7,6,NA,NA,Healthy Control,NA,0.1129726656034861,0.002675431600545568,0.05172457443561588,2.184119769687206,0.028953448335277323,0.01159436259401779,0.21435096861295438
Laudner 2015,#6574,Laudner 2015,quad isk con 180,nm/kg (%),1,1.9,NA,NA,NA,NA,NA,NA,NA,NA,NA,NA,quad,7.8,26,11,60.5,12,73.9,12.4,NA,NA,ACLR,BPTB,1.9,NA,NA,NA,NA,NA,NA,NA,NA,NA,NA,NA,7.8,26,11,65.7,12.4,67.7,10.8,NA,NA,Healthy Control,NA,-0.08245556045376905,0.002883196543033891,0.0536954052320484,-1.5356166900581465,0.12463241834356459,-0.18769662084386748,0.02278549993632939
Laudner 2015,#6574,Laudner 2015,quad isk con 300,nm/kg (%),1,1.9,NA,NA,NA,NA,NA,NA,NA,NA,NA,NA,quad,7.8,26,11,46.9,8.6,57.9,9,NA,NA,ACLR,BPTB,1.9,NA,NA,NA,NA,NA,NA,NA,NA,NA,NA,NA,7.8,26,11,49.8,9.2,50.8,9.4,NA,NA,Healthy Control,NA,-0.0599973085783735,0.0026058701638576485,0.0510477243749185,-1.1753179855330091,0.23986752157824603,-0.1600490098459412,0.040054392689194196
Laudner 2015,#6574,Laudner 2015,vertical hop,cm,1,1.9,NA,NA,NA,NA,NA,NA,NA,NA,NA,NA,quad,7.8,26,11,27.2,5.6,32.5,6.4,NA,NA,ACLR,BPTB,1.9,NA,NA,NA,NA,NA,NA,NA,NA,NA,NA,NA,7.8,26,11,31.2,6.4,31.2,6.6,NA,NA,Healthy Control,NA,-0.137201121513485,0.0032486586073736216,0.05699700524916745,-2.4071636906833644,0.016076962049780995,-0.24891319902849363,-0.025489043998476416
Lepley 2014,#5857,Lepley 2014,quad mvic 90,nm/kg,1,35.5,NA,NA,NA,NA,NA,NA,NA,NA,NA,NA,mixed,48.2,29,20,2.37,0.69,NA,NA,NA,NA,ACLR,mixed,35.5,NA,NA,NA,NA,NA,NA,NA,NA,NA,NA,NA,48.2,29,20,3.13,1.06,NA,NA,NA,NA,Healthy Control,NA,-0.27814304940502194,0.006877634409250769,0.08293150432284928,-3.3538888710160295,7.968435841099508e-4,-0.4406858110615343,-0.11560028774850956
Lima 2015,#5746,Lima 2015,hip abd isk con 30,nm/kg,1,3.8,NA,NA,NA,NA,NA,NA,NA,NA,NA,NA,other,9.6,27,0,170.2,47.7,177.4,51.8,NA,NA,ACL,not stated,3.8,NA,NA,NA,NA,NA,NA,NA,NA,NA,NA,NA,9.6,27,0,168,39.9,159.2,31.3,NA,NA,Healthy Control,NA,0.01301023673601479,0.004998188432966253,0.07069786724482043,0.18402587295825343,0.8539931578507486,-0.1255550368476272,0.15157551031965677
Lima 2015,#5746,Lima 2015,hip abd isk con 60,nm/kg,1,3.8,NA,NA,NA,NA,NA,NA,NA,NA,NA,NA,other,9.6,27,0,160.3,44.7,152.9,45.1,NA,NA,ACL,not stated,3.8,NA,NA,NA,NA,NA,NA,NA,NA,NA,NA,NA,9.6,27,0,147.2,31.4,142.8,28.3,NA,NA,Healthy Control,NA,0.085254853320731655,0.004565255732052317,0.0675666761950913,1.261788475054888,0.20702491033625006,-0.04717339857672709,0.2176831052181904
Lima 2015,#5746,Lima 2015,hip add isk con 30,nm/kg,1,3.8,NA,NA,NA,NA,NA,NA,NA,NA,NA,NA,other,9.6,27,0,179.7,119.6,162.6,70.8,NA,NA,ACL,not stated,3.8,NA,NA,NA,NA,NA,NA,NA,NA,NA,NA,NA,9.6,27,0,138.1,60.6,148.8,63.6,NA,NA,Healthy Control,NA,0.26331073337426686,0.023537707364297306,0.15342003573294236,1.7162734457487079,0.08611200609504877,-0.037387011169148276,0.5640084779176819
Lima 2015,#5746,Lima 2015,hip add isk con 60,nm/kg,1,3.8,NA,NA,NA,NA,NA,NA,NA,NA,NA,NA,other,9.6,27,0,168.7,88,166.1,72.1,NA,NA,ACL,not stated,3.8,NA,NA,NA,NA,NA,NA,NA,NA,NA,NA,NA,9.6,27,0,131.4,59.3,137.6,49.8,NA,NA,Healthy Control,NA,0.2498758835014124,0.01762111910828816,0.13274456338505228,1.8823812978057504,0.059784263353726344,-0.010298679876784372,0.5100504468796092
Markstrom 2023,#11772,Markstrom 2023,hs mvic 65,nm/kg,1,NA,NA,NA,NA,NA,NA,NA,NA,NA,NA,NA,hs,13,47,29,1.07,0.26,1.24,0.25,NA,NA,ACLR,HS,NA,NA,NA,NA,NA,NA,NA,NA,NA,NA,NA,NA,13,46,40,1.16,0.24,1.12,0.23,NA,NA,Healthy Control,NA,-0.08076135664445834,0.0021868342626546284,0.046763599761509254,-1.727013255103008,0.08416528296799475,-0.17241632796446232,0.010893614675545643
Markstrom 2023,#11772,Markstrom 2023,quad mvic 65,nm/kg,1,NA,NA,NA,NA,NA,NA,NA,NA,NA,NA,NA,hs,13,47,29,2.69,0.64,2.84,0.62,NA,NA,ACLR,HS,NA,NA,NA,NA,NA,NA,NA,NA,NA,NA,NA,NA,13,46,40,2.53,0.5,2.44,0.5,NA,NA,Healthy Control,NA,0.06132189087431895,0.002053428730037244,0.0453147738605992,1.3532427870645913,0.1759780802405074,-0.027493433860032536,0.15013721560867044
Markstrom 2023,#11772,Markstrom 2023,single hop,m,1,NA,NA,NA,NA,NA,NA,NA,NA,NA,NA,NA,hs,13,47,29,1.25,0.21,1.27,0.21,NA,NA,ACLR,HS,NA,NA,NA,NA,NA,NA,NA,NA,NA,NA,NA,NA,13,46,40,1.27,0.23,1.25,0.22,NA,NA,Healthy Control,NA,-0.01587334915629012,0.0013135120643007242,0.036242406988233056,-0.4379772337263299,0.6614027869184932,-0.08690716156626968,0.05516046325368943
Markstrom 2023,#11772,Markstrom 2023,vertical hop,m,1,NA,NA,NA,NA,NA,NA,NA,NA,NA,NA,NA,hs,13,47,29,0.24,0.05,0.25,0.05,NA,NA,ACLR,HS,NA,NA,NA,NA,NA,NA,NA,NA,NA,NA,NA,NA,13,46,40,0.24,0.04,0.23,0.04,NA,NA,Healthy Control,NA,0,0.0015273280912735125,0.03908104516608419,0,1,-0.07659744100370817,0.07659744100370817
Miles 2019,#5333,Miles 2019,hs isk con 60,nm/kg,1,NA,NA,NA,NA,NA,NA,NA,NA,NA,NA,NA,quad,9.25,44,0,152.065,31.6584215255336,162.45,34.4560065307417,91.015,10.8625509873827,BPTB + HT,mixed,NA,NA,NA,NA,NA,NA,NA,NA,NA,NA,No lsi for control provided,NA,9,22,NA,172.43,27.9,163.63,23,NA,NA,Healthy Control,NA,-0.12568329599514177,0.0021751063996456963,0.04663803597543208,-2.6948668263249562,0.007041676887389027,-0.217092166816672,-0.03427442517361154
Miles 2019,#5333,Miles 2019,quad isk con 60,nm/kg,1,NA,NA,NA,NA,NA,NA,NA,NA,NA,NA,NA,quad,9.25,44,0,235.95,59.9172158355874,268.34,49.9332138146591,91.545,16.970667101221,BPTB + HT,mixed,NA,NA,NA,NA,NA,NA,NA,NA,NA,NA,No lsi for control provided,NA,9,22,NA,272.53,28.4,267.42,38.48,NA,NA,Healthy Control,NA,-0.1441287816143703,0.0019591952559323087,0.044262797651439846,-3.256205871787724,0.0011291184902897256,-0.23088227086617646,-0.05737529236256411
Myklebust 2017,#4994,Myklebust 2017,hip abd hhd supine,kg/kg,1,30,NA,NA,NA,NA,NA,NA,NA,NA,NA,NA,other,42,80,80,0.22,0.05,0.21,0.05,NA,NA,ACL group,not stated,30,NA,NA,NA,NA,NA,NA,NA,NA,NA,data from author,NA,42,778,778,0.209,0.0511,0.209,0.0505,NA,NA,Healthy Control,NA,0.05129329438755048,7.224980209698629e-4,0.026879323298213124,1.9082807189182602,0.05635494367393111,-0.0013892112057556152,0.10397579998085657
Myklebust 2017,#4994,Myklebust 2017,hs isk con 60,nm/kg,1,30,NA,NA,NA,NA,NA,NA,NA,NA,NA,NA,other,42,80,80,1.4,0.25,1.48,0.24,NA,NA,ACL group,not stated,30,NA,NA,NA,NA,NA,NA,NA,NA,NA,"mean of dom and non-dom limb, adjusting n as based on author data for hip abd essentially identical to unilateral measure due to n",NA,42,778,778,1.41,0.21,NA,NA,NA,NA,Healthy Control,NA,-0.0071174677688639896,4.271084847879087e-4,0.02066660312649151,-0.3443946605690828,0.7305495038084125,-0.04762326557957022,0.033388330041842246
Myklebust 2017,#4994,Myklebust 2017,quad isk con 60,nm/kg,1,30,NA,NA,NA,NA,NA,NA,NA,NA,NA,NA,other,42,80,80,2.35,0.4,2.51,0.34,NA,NA,ACL group,not stated,30,NA,NA,NA,NA,NA,NA,NA,NA,NA,"mean of dom and non-dom limb, adjusting n as based on author data for hip abd essentially identical to unilateral measure due to n",NA,42,778,778,2.35,0.33,NA,NA,NA,NA,Healthy Control,NA,0,3.875010037227933e-4,0.019685045179597464,0,1,-0.038581979586054825,0.038581979586054825
Myklebust 2017,#4994,Myklebust 2017,sebt anteromedial,cm/leg length,1,30,NA,NA,NA,NA,NA,NA,NA,NA,NA,NA,other,42,80,80,0.91,0.71,0.9,0.7,NA,NA,ACL group,not stated,30,NA,NA,NA,NA,NA,NA,NA,NA,NA,"mean of dom and non-dom limb, adjusting n as based on author data for hip abd essentially identical to unilateral measure due to n",NA,42,778,778,0.91,0.07,NA,NA,NA,NA,Healthy Control,NA,0,0.0076168919218864125,0.08727480691405975,0,1,-0.1710554783092444,0.1710554783092444
Myklebust 2017,#4994,Myklebust 2017,sebt medial,cm/leg length,1,30,NA,NA,NA,NA,NA,NA,NA,NA,NA,NA,other,42,80,80,0.95,0.08,0.94,0.08,NA,NA,ACL group,not stated,30,NA,NA,NA,NA,NA,NA,NA,NA,NA,"mean of dom and non-dom limb, adjusting n as based on author data for hip abd essentially identical to unilateral measure due to n",NA,42,778,778,0.95,0.07,NA,NA,NA,NA,Healthy Control,NA,0,9.562127480791004e-5,0.009778613133154928,0,1,-0.019165729559734033,0.019165729559734033
Myklebust 2017,#4994,Myklebust 2017,sebt posteromedial,cm/leg length,1,30,NA,NA,NA,NA,NA,NA,NA,NA,NA,NA,other,42,80,80,1.03,0.09,1.04,0.08,NA,NA,ACL group,not stated,30,NA,NA,NA,NA,NA,NA,NA,NA,NA,"mean of dom and non-dom limb, adjusting n as based on author data for hip abd essentially identical to unilateral measure due to n",NA,42,778,778,1.03,0.07,NA,NA,NA,NA,Healthy Control,NA,0,1.0137449383932398e-4,0.010068490146954705,0,1,-0.019733878066727616,0.019733878066727616
Noehren 2014,#4794,Noehren 2014,hip abd hhd sidely,nm/kg,1,1.45,NA,NA,NA,NA,NA,NA,NA,NA,NA,NA,mixed,7.31,20,20,16,4.7,NA,NA,NA,NA,ACL group,mixed,1.45,NA,NA,NA,NA,NA,NA,NA,NA,NA,NA,NA,7.31,20,20,14.5,3.5,NA,NA,NA,NA,Healthy Control,NA,0.09844007281325251,0.00722765169812723,0.08501559679333687,1.1579060375538972,0.246902383412097,-0.06818743502586663,0.2650675806523717
Noehren 2014,#4794,Noehren 2014,hip er hhd seated,nm/kg,1,1.45,NA,NA,NA,NA,NA,NA,NA,NA,NA,NA,mixed,7.31,20,20,6.9,4.4,NA,NA,NA,NA,ACL group,mixed,1.45,NA,NA,NA,NA,NA,NA,NA,NA,NA,NA,NA,7.31,20,20,6.4,1.5,NA,NA,NA,NA,Healthy Control,NA,0.07522342123758753,0.023078445085230256,0.1519159145225748,0.49516485138500277,0.620483759242991,-0.2225262999051244,0.37297314238029944
Norte 2018,#4764,Norte 2018,quad mvic 90,nm/kg,1,NA,NA,NA,NA,NA,NA,NA,NA,NA,NA,NA,mixed,37.828125,64,34,2.040625,0.614046880481101,2.459375,0.667194731336968,NA,NA,Early + Late,mixed,NA,NA,NA,NA,NA,NA,NA,NA,NA,NA,NA,NA,60,30,18,2.7,0.6,2.8,0.6,NA,NA,Healthy Control,NA,-0.27999563952762463,0.003060895837601354,0.05532536342041825,-5.060891103415511,4.173015162689088e-7,-0.38843135926323413,-0.17155991979201513
Norte 2019a,#4761,Norte 2019a,quad isk con 180,nm/kg,1,58,NA,NA,NA,NA,NA,NA,NA,NA,NA,NA,mixed,46.5,72,40,1.3,0.4,1.6,0.4,83,16,ACLR,mixed,58,NA,NA,NA,NA,NA,NA,NA,NA,NA,NA,NA,46.5,30,18,1.7,0.3,1.7,0.3,101,15,Healthy Control,NA,-0.26826398659467926,0.0023529866755844933,0.04850759399913063,-5.530350291121163,3.195919500418433e-8,-0.36333712380966654,-0.17319084937969198
Norte 2019a,#4761,Norte 2019a,quad isk con 90,nm/kg,1,58,NA,NA,NA,NA,NA,NA,NA,NA,NA,NA,mixed,46.5,72,40,1.7,0.5,2.1,0.5,82,19,ACLR,mixed,58,NA,NA,NA,NA,NA,NA,NA,NA,NA,NA,NA,46.5,30,18,2.2,0.4,2.2,0.6,129,16,Healthy Control,NA,-0.25782910930209996,0.0023033893512031294,0.047993638653504166,-5.37215173793194,7.78025942453111e-8,-0.3518949125499975,-0.1637633060542024
Norte 2019a,#4761,Norte 2019a,quad mvic 90,nm/kg,1,58,NA,NA,NA,NA,NA,NA,NA,NA,NA,NA,mixed,46.5,72,40,2,0.6,2.4,0.7,85,20,ACLR,mixed,58,NA,NA,NA,NA,NA,NA,NA,NA,NA,NA,NA,46.5,30,18,2.8,0.6,2.7,0.6,104,14,Healthy Control,NA,-0.3364722366212129,0.0027806122448979596,0.05273151092940501,-6.380857113532541,1.7609955972182309e-10,-0.43982409889322693,-0.23312037434919886
Norte 2020,#4765,Norte 2020,6m timed hop,sec/height,1,1,NA,NA,NA,NA,NA,NA,NA,NA,NA,NA,mixed,6.3,80,38,0.014,0.005,0.012,0.004,111.9,35.3,ACLR,mixed,1,NA,NA,NA,NA,NA,NA,NA,NA,NA,NA,NA,6.3,80,43,0.012,0.004,0.012,0.004,98.9,6.9,Healthy Control,NA,0.15415067982725836,0.002983276643990929,0.0546193797474022,2.8222707863062113,0.0047684895469261674,0.04709866266443363,0.2612026969900831
Norte 2020,#4765,Norte 2020,hs isk con 90,nm/kg,1,1,NA,NA,NA,NA,NA,NA,NA,NA,NA,NA,mixed,6.3,80,38,1,0.31,1.01,0.26,98.6,17.8,ACLR,mixed,1,NA,NA,NA,NA,NA,NA,NA,NA,NA,NA,NA,6.3,80,43,1.05,0.24,1.04,0.23,100.1,15.1,Healthy Control,NA,-0.048790164169432056,0.001854311224489796,0.04306171413784867,-1.1330288435162041,0.25720214087374565,-0.1331895729921747,0.03560924465331059
Norte 2020,#4765,Norte 2020,hs mvic 90,nm/kg,1,1,NA,NA,NA,NA,NA,NA,NA,NA,NA,NA,mixed,6.3,80,38,0.85,0.29,0.9,0.27,95.5,26.7,ACLR,mixed,1,NA,NA,NA,NA,NA,NA,NA,NA,NA,NA,NA,6.3,80,43,0.85,0.29,0.88,0.22,109.9,29.1,Healthy Control,NA,0,0.0029100346020761243,0.05394473655581353,0,1,-0.10572974080489578,0.10572974080489578
Norte 2020,#4765,Norte 2020,quad isk con 90,nm/kg,1,1,NA,NA,NA,NA,NA,NA,NA,NA,NA,NA,mixed,6.3,80,38,1.61,0.47,2.31,0.45,70,17.1,ACLR,mixed,1,NA,NA,NA,NA,NA,NA,NA,NA,NA,NA,NA,6.3,80,43,2.25,0.45,2.22,0.45,99.4,11.6,Healthy Control,NA,-0.33469603721995705,0.001565255970062883,0.03956331596394421,-8.459756950731336,2.679353588565057e-17,-0.41223871161826625,-0.25715336282164786
Norte 2020,#4765,Norte 2020,quad mvic 90,nm/kg,1,1,NA,NA,NA,NA,NA,NA,NA,NA,NA,NA,mixed,6.3,80,38,1.59,0.59,2.36,0.63,68.5,21.8,ACLR,mixed,1,NA,NA,NA,NA,NA,NA,NA,NA,NA,NA,NA,6.3,80,43,2.21,0.6,2.11,0.61,97.1,19.7,Healthy Control,NA,-0.32925849929752127,0.0026425112830655278,0.051405362396013975,-6.405139151845612,1.5023229843207335e-10,-0.43001115820593827,-0.22850584038910426
Norte 2020,#4765,Norte 2020,single hop,cm/height,1,1,NA,NA,NA,NA,NA,NA,NA,NA,NA,NA,mixed,6.3,80,38,0.68,0.2,0.77,0.18,88,11.7,ACLR,mixed,1,NA,NA,NA,NA,NA,NA,NA,NA,NA,NA,NA,6.3,80,43,0.8,0.15,0.78,0.16,98.7,6.1,Healthy Control,NA,-0.16251892949777494,0.0015207680038927336,0.03899702557750698,-4.167469879844219,3.079991944408111e-5,-0.2389516951338759,-0.08608616386167398
Norte 2020,#4765,Norte 2020,triple crossover hop,cm/height,1,1,NA,NA,NA,NA,NA,NA,NA,NA,NA,NA,mixed,6.3,80,38,2.18,0.61,2.37,0.56,91.4,11,ACLR,mixed,1,NA,NA,NA,NA,NA,NA,NA,NA,NA,NA,NA,6.3,80,43,2.44,0.51,2.42,0.53,99.3,7.3,Healthy Control,NA,-0.11267316250411274,0.0015248141762672885,0.03904886907795523,-2.8854398389663376,0.003908671584053085,-0.18920753953392477,-0.036138785474300716
Norte 2020,#4765,Norte 2020,triple hop,cm/height,1,1,NA,NA,NA,NA,NA,NA,NA,NA,NA,NA,mixed,6.3,80,38,2.39,0.6,2.61,0.53,91.1,10.4,ACLR,mixed,1,NA,NA,NA,NA,NA,NA,NA,NA,NA,NA,NA,6.3,80,43,2.66,0.49,2.61,0.55,98.5,5.4,Healthy Control,NA,-0.10703275685018837,0.0012119703090795108,0.034813363943743084,-3.074473269033948,0.002108746177794317,-0.17526569636061012,-0.03879981733976663
O'Malley 2018,#5162,O'Malley 2018,hs isk con 60,%BM,1,1,NA,NA,NA,NA,NA,NA,NA,NA,NA,NA,quad,6.6,118,0,145.7,28.5,151.2,28.1,96.9,12.3,ACLR,BPTB,1,NA,NA,NA,NA,NA,NA,NA,NA,NA,NA,NA,6.6,44,0,155.9,24.3,154.9,22.6,101,10.2,Healthy Control,NA,-0.06766506286257178,8.764198698913354e-4,0.029604389368661794,-2.2856429166615313,0.022275157280916617,-0.12568859980944935,-0.009641525915694199
O'Malley 2018,#5162,O'Malley 2018,quad isk con 60,%BM,1,1,NA,NA,NA,NA,NA,NA,NA,NA,NA,NA,quad,6.6,118,0,200.2,44.9,260.1,45.3,77.3,13.6,ACLR,BPTB,1,NA,NA,NA,NA,NA,NA,NA,NA,NA,NA,NA,6.6,44,0,260.8,37.2,253.3,39.7,103.6,9.1,Healthy Control,NA,-0.2644369631713777,8.886680177732518e-4,0.02981053534865236,-8.870587531509463,7.276098473766907e-19,-0.32286453881459454,-0.20600938752816092
O'Malley 2018,#5162,O'Malley 2018,vertical hop,cm,1,1,NA,NA,NA,NA,NA,NA,NA,NA,NA,NA,quad,6.6,118,0,13.1,4,16,4.1,82,12,ACLR,BPTB,1,NA,NA,NA,NA,NA,NA,NA,NA,NA,NA,NA,6.6,44,0,17,4.1,17.1,4.1,99.9,11.5,Healthy Control,NA,-0.26060111384911033,0.00211208082728242,0.04595738055288204,-5.670495374496877,1.423852142262401e-8,-0.3506759245565606,-0.17052630314166006
Pamukoff 2018,#4562,Pamukoff 2018,quad isk con 120,nm/kg,1,25,NA,NA,NA,NA,NA,NA,NA,NA,NA,sd converted from 95%ci,mixed,48,38,27,1.68,0.47,1.75,0.41,NA,NA,ACLR,mixed,25,NA,NA,NA,NA,NA,NA,NA,NA,NA,sd converted from 95%ci,NA,48,38,27,1.89,0.47,NA,NA,NA,NA,Healthy Control,NA,-0.11778303565638339,0.003687028878044612,0.06072090972675403,-1.939744252620896,0.052410778657677654,-0.23679383182932912,0.0012277605165623567
Pamukoff 2018,#4562,Pamukoff 2018,quad isk con 240,nm/kg,1,25,NA,NA,NA,NA,NA,NA,NA,NA,NA,sd converted from 95%ci,mixed,48,38,27,1.59,0.49,1.59,0.41,NA,NA,ACLR,mixed,25,NA,NA,NA,NA,NA,NA,NA,NA,NA,sd converted from 95%ci,NA,48,38,27,1.69,0.39,NA,NA,NA,NA,Healthy Control,NA,-0.06099451270284191,0.003900709128123036,0.06245565729478024,-0.9766050882301667,0.3287646991041227,-0.18340535163138746,0.061416326225703644
Pamukoff 2018,#4562,Pamukoff 2018,quad isk con 60,nm/kg,1,25,NA,NA,NA,NA,NA,NA,NA,NA,NA,sd converted from 95%ci,mixed,48,38,27,2.51,0.68,2.52,0.66,NA,NA,ACLR,mixed,25,NA,NA,NA,NA,NA,NA,NA,NA,NA,sd converted from 95%ci,NA,48,38,27,2.87,0.6,NA,NA,NA,NA,Healthy Control,NA,-0.1340292766278373,0.003081616407284899,0.05551230861065768,-2.4144064619590573,0.015760869197187364,-0.24283140220339908,-0.025227151052275548
Pamukoff 2018,#4562,Pamukoff 2018,quad mvic 45,nm/kg,1,25,NA,NA,NA,NA,NA,NA,NA,NA,NA,sd converted from 95%ci,mixed,48,38,27,2.31,0.55,2.32,0.53,NA,NA,ACLR,mixed,25,NA,NA,NA,NA,NA,NA,NA,NA,NA,sd converted from 95%ci,NA,48,38,27,2.57,0.72,NA,NA,NA,NA,Healthy Control,NA,-0.10665837437342623,0.0035572770042405655,0.05964291243928792,-1.7882824632683152,0.07373044771372887,-0.22355633468750652,0.01023958594065405
Pietrosimone 2015,#4264,Pietrosimone 2015,quad mvic 90,nm/kg,1,36.17,NA,NA,NA,NA,NA,NA,NA,NA,NA,NA,mixed,48.1,28,19,2.68,0.78,NA,NA,NA,NA,ACLR,mixed,36.17,NA,NA,NA,NA,NA,NA,NA,NA,NA,NA,NA,48.1,29,20,3.13,1.07,NA,NA,NA,NA,Healthy Control,NA,-0.1552162100292964,0.007055027984386234,0.08399421399350215,-1.8479393121209995,0.06461112266134796,-0.3198418443663108,0.009409424307718045
Rahova 2022,#11316,Rahova 2022,dflex hhd,NA,1,NA,NA,NA,NA,NA,NA,NA,NA,NA,NA,NA,other,6,20,0,24.11,3.99,23.56,4.81,NA,NA,ACL group,not stated,NA,NA,NA,NA,NA,NA,NA,NA,NA,NA,NA,NA,6,20,0,23.55,5.35,23.82,6.33,NA,NA,Healthy Control,NA,0.02350087173065292,0.003949823548999238,0.06284762166541577,0.37393414592147,0.7084533114789078,-0.09967820324756119,0.14667994670886703
Rahova 2022,#11316,Rahova 2022,hip abd hhd,NA,1,NA,NA,NA,NA,NA,NA,NA,NA,NA,NA,NA,other,6,20,0,35.59,8.64,37.13,9.27,NA,NA,ACL group,not stated,NA,NA,NA,NA,NA,NA,NA,NA,NA,NA,NA,NA,6,20,0,35.4,12.39,35.49,12.81,NA,NA,Healthy Control,NA,0.005352879382372585,0.009071737929816498,0.09524567144923961,0.056200762732040346,0.9551818735526663,-0.18132520634147192,0.1920309651062171
Rahova 2022,#11316,Rahova 2022,hip add hhd,NA,1,NA,NA,NA,NA,NA,NA,NA,NA,NA,NA,NA,other,6,20,0,31.76,7.1,30.26,7.34,NA,NA,ACL group,not stated,NA,NA,NA,NA,NA,NA,NA,NA,NA,NA,NA,NA,6,20,0,28.54,11.13,28.61,11.03,NA,NA,Healthy Control,NA,0.10690102433024462,0.010102946846725936,0.10051341625238859,1.0635498057474913,0.28753269123993785,-0.09010165148751992,0.30390370014800916
Rahova 2022,#11316,Rahova 2022,hip ext hhd,NA,1,NA,NA,NA,NA,NA,NA,NA,NA,NA,NA,NA,other,6,20,0,32.07,9.23,31.97,8.76,NA,NA,ACL group,not stated,NA,NA,NA,NA,NA,NA,NA,NA,NA,NA,NA,NA,6,20,0,31.64,10.8,30.95,10.26,NA,NA,Healthy Control,NA,0.013498870805610375,0.009967322314940508,0.09983647787727945,0.13520980600100294,0.8924459942247801,-0.1821770301771872,0.20917477178840796
Rahova 2022,#11316,Rahova 2022,hip flex hhd,NA,1,NA,NA,NA,NA,NA,NA,NA,NA,NA,NA,NA,other,6,20,0,34.22,5.53,33.98,5.42,NA,NA,ACL group,not stated,NA,NA,NA,NA,NA,NA,NA,NA,NA,NA,NA,NA,6,20,0,29.88,8.06,30.77,6.84,NA,NA,Healthy Control,NA,0.1356209081994309,0.00494388643237965,0.07031277574082573,1.9288231302278869,0.05375282332216771,-0.0021895999056291415,0.27343141630449097
Rahova 2022,#11316,Rahova 2022,hs hhd,NA,1,NA,NA,NA,NA,NA,NA,NA,NA,NA,NA,NA,other,6,20,0,20.34,6.53,20.13,6.13,NA,NA,ACL group,not stated,NA,NA,NA,NA,NA,NA,NA,NA,NA,NA,NA,NA,6,20,0,19.36,3.7,20.84,4.07,NA,NA,Healthy Control,NA,0.04938030877198296,0.0069796679032322765,0.083544406774076,0.5910666037227255,0.554475795300641,-0.1143637196149701,0.21312433715893603
Rahova 2022,#11316,Rahova 2022,pflex hhd,NA,1,NA,NA,NA,NA,NA,NA,NA,NA,NA,NA,NA,other,6,20,0,26.33,7.24,25.94,6.43,NA,NA,ACL group,not stated,NA,NA,NA,NA,NA,NA,NA,NA,NA,NA,NA,NA,6,20,0,28.15,3.93,27.36,4.12,NA,NA,Healthy Control,NA,-0.06683838107748133,0.004755003655663695,0.06895653453925665,-0.9692827739107239,0.3324041216341262,-0.20199070527311663,0.06831394311815397
Rahova 2022,#11316,Rahova 2022,quad hhd,NA,1,NA,NA,NA,NA,NA,NA,NA,NA,NA,NA,NA,other,6,20,0,32.21,6.3,33.25,6.59,NA,NA,ACL group,not stated,NA,NA,NA,NA,NA,NA,NA,NA,NA,NA,NA,NA,6,20,0,32.99,6.09,33.44,5.85,NA,NA,Healthy Control,NA,-0.023927521897382655,0.0036166841385980022,0.060138873772278126,-0.3978711338690281,0.6907251790518084,-0.14179754856184823,0.09394250476708291
Read 2022,#11330,Read 2022,single leg drop jump height,m,1,1.61,NA,NA,NA,NA,NA,NA,NA,NA,NA,NA,mixed,7.36,26,0,0.13,0.03,0.16,0.02,NA,NA,ACLR,mixed,1.61,NA,NA,NA,NA,NA,NA,NA,NA,NA,NA,NA,7.36,25,0,0.17,0.02,NA,NA,NA,NA,Healthy Control,NA,-0.2682639865946794,0.0026018808283708667,0.05100863484127826,-5.259187732222728,1.4469311324312715e-7,-0.3682390737841398,-0.16828889940521907
Read 2022,#11330,Read 2022,single leg drop jump height,m,2,2.53,NA,NA,NA,NA,NA,NA,NA,NA,NA,NA,mixed,9.67,26,0,0.14,0.02,0.16,0.03,NA,NA,ACLR,mixed,2.53,NA,NA,NA,NA,NA,NA,NA,NA,NA,NA,NA,9.67,25,0,0.17,0.02,NA,NA,NA,NA,Healthy Control,NA,-0.19415601444095737,0.0013385625743510072,0.036586371429140216,-5.306785200521867,1.1157552850264423e-7,-0.2658639847670774,-0.12244804411483733
Rhim 2020,#4431,Rhim 2020,calf isk con 120,nm/kg,1,NA,NA,NA,NA,NA,NA,NA,NA,NA,NA,NA,hs,0.1,32,20,21,13.9,72,22.2,NA,NA,ACLR,HS,NA,NA,NA,NA,NA,NA,NA,NA,NA,NA,NA,NA,12,32,17,81,22.5,81,23.1,NA,NA,Healthy Control,NA,-1.349926716949016,0.016102450239355002,0.12689543033283351,-10.638103463681068,1.981208591597435e-26,-1.598637190204081,-1.1012162436939508
Rhim 2020,#4431,Rhim 2020,calf isk con 120,nm/kg,2,NA,NA,NA,NA,NA,NA,NA,NA,NA,NA,NA,hs,12,32,20,77,22.9,78,22.6,NA,NA,ACLR,HS,NA,NA,NA,NA,NA,NA,NA,NA,NA,NA,NA,NA,12,32,17,81,22.5,81,23.1,NA,NA,Healthy Control,NA,-0.050643732818754915,0.005175274961530372,0.07193938393905228,-0.7039778497639174,0.48144656792454754,-0.19164233440929657,0.09035486877178672
Rhim 2020,#4431,Rhim 2020,hs isk con 180,nm/kg,1,NA,NA,NA,NA,NA,NA,NA,NA,NA,NA,NA,hs,0.1,32,20,49,36.4,90,29.5,NA,NA,ACLR,HS,NA,NA,NA,NA,NA,NA,NA,NA,NA,NA,NA,NA,12,32,17,142,26.4,168,26.6,NA,NA,Healthy Control,NA,-1.0640067594906342,0.01832504078798748,0.1353700143605942,-7.859988524906024,3.841686522685031e-15,-1.3293271122240686,-0.7986864067571997
Rhim 2020,#4431,Rhim 2020,hs isk con 180,nm/kg,2,NA,NA,NA,NA,NA,NA,NA,NA,NA,NA,NA,hs,12,32,20,80,31.3,100,25.9,NA,NA,ACLR,HS,NA,NA,NA,NA,NA,NA,NA,NA,NA,NA,NA,NA,12,32,17,142,26.4,168,26.6,NA,NA,Healthy Control,NA,-0.5738004229273791,0.005863785406928809,0.07657535770029944,-7.493277735288141,6.717454453023991e-14,-0.7238853661232378,-0.42371547973152035
Rhim 2020,#4431,Rhim 2020,quad isk con 180,nm/kg,1,NA,NA,NA,NA,NA,NA,NA,NA,NA,NA,NA,hs,0.1,32,20,98,55.1,198,67.7,NA,NA,ACLR,HS,NA,NA,NA,NA,NA,NA,NA,NA,NA,NA,NA,NA,12,32,17,238,35.3,247,26.4,NA,NA,Healthy Control,NA,-0.8873031950009028,0.010566185883116754,0.10279195436957483,-8.632029621800184,6.027276941370375e-18,-1.0887717234657541,-0.6858346665360515
Rhim 2020,#4431,Rhim 2020,quad isk con 180,nm/kg,2,NA,NA,NA,NA,NA,NA,NA,NA,NA,NA,NA,hs,12,32,20,159,63.7,214,54.1,NA,NA,ACLR,HS,NA,NA,NA,NA,NA,NA,NA,NA,NA,NA,NA,NA,12,32,17,238,35.3,247,26.4,NA,NA,Healthy Control,NA,-0.4033664714512432,0.005703192599583269,0.07551948490014526,-5.341223817728494,9.232118636332708e-8,-0.5513819419865443,-0.2553510009159421
Rhim 2020,#4431,Rhim 2020,soleus isk con 120,nm/kg,1,NA,NA,NA,NA,NA,NA,NA,NA,NA,NA,NA,hs,0.1,32,20,41,10.9,50,18.7,NA,NA,ACLR,HS,NA,NA,NA,NA,NA,NA,NA,NA,NA,NA,NA,NA,12,32,17,47,16.1,49,15.9,NA,NA,Healthy Control,NA,-0.13657553500575073,0.005875651773651083,0.07665280016836361,-1.7817422808530174,0.0747912685867571,-0.2868122626498892,0.01366119263838772
Rhim 2020,#4431,Rhim 2020,soleus isk con 120,nm/kg,2,NA,NA,NA,NA,NA,NA,NA,NA,NA,NA,NA,hs,12,32,20,54,15.9,49,15,NA,NA,ACLR,HS,NA,NA,NA,NA,NA,NA,NA,NA,NA,NA,NA,NA,12,32,17,47,16.1,49,15.9,NA,NA,Healthy Control,NA,0.1388364448542159,0.0063762568707420265,0.0798514675553432,1.7386836974284985,0.08209041516890954,-0.01766955566692538,0.29534244537535714
Slater 2022,#11437,Slater 2022,quad isk con 180,nm/kg,1,21.5,NA,NA,NA,NA,NA,NA,NA,NA,NA,NA,mixed,21.9,42,29,1.42,0.31,NA,NA,88,13,ACLR,mixed,21.5,NA,NA,NA,NA,NA,NA,NA,NA,NA,NA,NA,21.9,38,24,1.61,0.35,NA,NA,98,14,Healthy Control,NA,-0.12557730738320239,0.002378400076200113,0.04876884329364511,-2.5749494739311545,0.01002547307086744,-0.22116248380642453,-0.02999213095998024
Slater 2022,#11437,Slater 2022,quad mvic 90,nm/kg,1,21.5,NA,NA,NA,NA,NA,NA,NA,NA,NA,NA,mixed,21.9,42,29,1.78,0.6,NA,NA,82,15,ACLR,mixed,21.5,NA,NA,NA,NA,NA,NA,NA,NA,NA,NA,NA,21.9,38,24,2.17,0.69,NA,NA,87,16,Healthy Control,NA,-0.1981138032483744,0.005365981274123978,0.07325285847066978,-2.704519760518268,0.0068403201129728815,-0.341686767615497,-0.05454083888125183
Tate 2017,#7811,Tate 2017,hip abd hhd sidely,N/height*BW,1,NA,NA,NA,NA,NA,NA,NA,NA,NA,NA,NA,mixed,32,12,7,0.3,0.08,0.28,0.06,105,8,ACL,mixed,NA,NA,NA,NA,NA,NA,NA,NA,NA,NA,right limb,NA,32,12,7,0.33,0.05,NA,NA,NA,NA,Healthy Control,NA,-0.0953101798043249,0.007838996020814202,0.08853810490864486,-1.0764876874501388,0.2817092045303923,-0.2688416766846978,0.07822131707604797
Tate 2017,#7811,Tate 2017,hip ext hhd prone,N/height*BW,1,NA,NA,NA,NA,NA,NA,NA,NA,NA,NA,NA,mixed,32,12,7,0.18,0.05,0.19,0.07,93,15,ACL,mixed,NA,NA,NA,NA,NA,NA,NA,NA,NA,NA,right limb,NA,32,12,7,0.25,0.05,NA,NA,NA,NA,Healthy Control,NA,-0.3285040669720361,0.00976337448559671,0.09880978942188223,-3.3246105360010634,8.854212696623442e-4,-0.5221676955589121,-0.13484043838516013
Tate 2017,#7811,Tate 2017,single hop,cm,1,NA,NA,NA,NA,NA,NA,NA,NA,NA,NA,NA,mixed,32,12,7,167.7,3.9,NA,NA,94,3.9,ACL,mixed,NA,NA,NA,NA,NA,NA,NA,NA,NA,NA,NA,NA,32,12,7,159.7,3,NA,NA,95.9,3.1,Healthy Control,NA,0.04887961360819645,7.447645493262466e-5,0.00862997421390265,5.663935070565187,1.4794040542585951e-8,0.03196517496143789,0.06579405225495501
Telianidis 2014,#7774,Telianidis 2014,hs mvic 60,nm,1,2,72.07,59.70-92.37,NA,NA,NA,NA,NA,NA,NA,Injured MD 72.07 IQR 59.70 to 92.37,hs,17,28,9,74.7133333333333,25.5204500479834,NA,NA,NA,NA,ACLR,HS,2,71,54.41-87.82,NA,NA,NA,NA,NA,NA,NA,Inj MD 71.00 IQR 54.41 to 87.82,NA,17,29,14,71.0766666666667,26.0511358204194,NA,NA,NA,NA,Healthy Control,NA,0.04989946128573851,0.00879933793861587,0.09380478633106026,0.5319500554015547,0.5947605875681051,-0.13395454150061475,0.23375346407209174
Telianidis 2014,#7774,Telianidis 2014,quad mvic 60,nm,1,2,158.42,103.13-202.53,NA,NA,NA,NA,NA,NA,NA,Injured MD 158.42 IQR 103.13 to 202.53,hs,17,28,9,154.693333333333,77.6471605377885,NA,NA,NA,NA,ACLR,HS,2,115.5,91.92-177.63,NA,NA,NA,NA,NA,NA,NA,Inj MD 115.50 IQR 91.92 to 177.63,NA,17,29,14,128.35,66.8315729173346,NA,NA,NA,NA,Healthy Control,NA,0.18668375517254757,0.018347263821025205,0.1354520720440452,1.378227385933552,0.16813309443331537,-0.0787974276651057,0.45216493801020086
Thomas 2013,#8157,Thomas 2013,calf isk con 60,nm/kg,1,NA,NA,NA,NA,NA,NA,NA,NA,NA,NA,data extracted graphically,quad,0.1,15,7,0.549,0.227,0.653,0.259,NA,NA,ACL,BPTB,NA,NA,NA,NA,NA,NA,NA,NA,NA,NA,data extracted graphically,NA,0.1,15,8,0.692,0.36,0.67,0.352,NA,NA,Healthy Control,NA,-0.23148751410813873,0.029440362867417764,0.17158194213674632,-1.3491368102340817,0.17729302672308503,-0.567781941093597,0.10480691287731958
Thomas 2013,#8157,Thomas 2013,calf isk con 60,nm/kg,2,NA,NA,NA,NA,NA,NA,NA,NA,NA,NA,data extracted graphically,quad,6.99,15,7,0.803,0.227,0.72,0.241,NA,NA,ACL,BPTB,NA,NA,NA,NA,NA,NA,NA,NA,NA,NA,data extracted graphically,NA,0.1,15,8,0.692,0.36,0.67,0.352,NA,NA,Healthy Control,NA,0.14876875832909225,0.023370273513445367,0.15287339046886272,0.9731501203238735,0.3304786970455381,-0.1508575811844074,0.4483950978425919
Thomas 2013,#8157,Thomas 2013,dflex isk con 60,nm/kg,1,NA,NA,NA,NA,NA,NA,NA,NA,NA,NA,data extracted graphically,quad,0.1,15,7,0.268,0.072,0.28,0.061,NA,NA,ACL,BPTB,NA,NA,NA,NA,NA,NA,NA,NA,NA,NA,data extracted graphically,NA,0.1,15,8,0.268,0.084,0.259,0.11,NA,NA,Healthy Control,NA,0,0.011361104923145467,0.10658848400810224,0,1,-0.20890958982260388,0.20890958982260388
Thomas 2013,#8157,Thomas 2013,dflex isk con 60,nm/kg,2,NA,NA,NA,NA,NA,NA,NA,NA,NA,NA,data extracted graphically,quad,6.99,15,7,0.27,0.069,0.259,0.091,NA,NA,ACL,BPTB,NA,NA,NA,NA,NA,NA,NA,NA,NA,NA,data extracted graphically,NA,0.1,15,8,0.268,0.084,0.259,0.11,NA,NA,Healthy Control,NA,0.0074349784875179905,0.01090325230306914,0.1044186396342585,0.07120355631485036,0.9432357510733167,-0.1972217945102953,0.21209175148533127
Thomas 2013,#8157,Thomas 2013,hip abd isk con 60 sidely,nm/kg,1,NA,NA,NA,NA,NA,NA,NA,NA,NA,NA,data extracted graphically,quad,0.1,15,7,0.781,0.358,0.728,0.33,NA,NA,ACL,BPTB,NA,NA,NA,NA,NA,NA,NA,NA,NA,NA,data extracted graphically,NA,0.1,15,8,0.823,0.289,0.863,0.297,NA,NA,Healthy Control,NA,-0.052381050837383765,0.022228513580649825,0.14909229886432707,-0.35133304158821876,0.7253385093133399,-0.3445965869837468,0.23983448530897927
Thomas 2013,#8157,Thomas 2013,hip abd isk con 60 sidely,nm/kg,2,NA,NA,NA,NA,NA,NA,NA,NA,NA,NA,data extracted graphically,quad,6.99,15,7,0.861,0.183,0.816,0.195,NA,NA,ACL,BPTB,NA,NA,NA,NA,NA,NA,NA,NA,NA,NA,data extracted graphically,NA,0.1,15,8,0.823,0.289,0.863,0.297,NA,NA,Healthy Control,NA,0.04513830375066098,0.011232274282040617,0.10598242440159886,0.4259036722883273,0.6701780389122733,-0.16258343107071177,0.2528600385720337
Thomas 2013,#8157,Thomas 2013,hip add isk con 60 sidely,nm/kg,1,NA,NA,NA,NA,NA,NA,NA,NA,NA,NA,data extracted graphically,quad,0.1,15,7,0.711,0.254,0.773,0.277,NA,NA,ACL,BPTB,NA,NA,NA,NA,NA,NA,NA,NA,NA,NA,data extracted graphically,NA,0.1,15,8,0.634,0.254,0.65,0.227,NA,NA,Healthy Control,NA,0.11462347536601487,0.01920852793845263,0.13859483373651643,0.8270400293846907,0.40821437336203925,-0.15701740720087415,0.38626435793290387
Thomas 2013,#8157,Thomas 2013,hip add isk con 60 sidely,nm/kg,2,NA,NA,NA,NA,NA,NA,NA,NA,NA,NA,data extracted graphically,quad,6.99,15,7,0.871,0.185,0.87,0.138,NA,NA,ACL,BPTB,NA,NA,NA,NA,NA,NA,NA,NA,NA,NA,data extracted graphically,NA,0.1,15,8,0.634,0.254,0.65,0.227,NA,NA,Healthy Control,NA,0.3175930224152768,0.013707912988588002,0.11708079683956717,2.712597035451223,0.00667582326508997,0.0881188773284742,0.5470671675020794
Thomas 2013,#8157,Thomas 2013,hip ext isk con 60 standing,nm/kg,1,NA,NA,NA,NA,NA,NA,NA,NA,NA,NA,data extracted graphically,quad,0.1,15,7,1.298,0.518,1.193,0.419,NA,NA,ACL,BPTB,NA,NA,NA,NA,NA,NA,NA,NA,NA,NA,data extracted graphically,NA,0.1,15,8,1.222,0.506,1.333,0.402,NA,NA,Healthy Control,NA,0.06033575753249479,0.02204797320902748,0.14848559933214897,0.4063408020971051,0.6844922094889736,-0.23069066938136187,0.3513621844463515
Thomas 2013,#8157,Thomas 2013,hip ext isk con 60 standing,nm/kg,2,NA,NA,NA,NA,NA,NA,NA,NA,NA,NA,data extracted graphically,quad,6.99,15,7,1.496,0.53,1.537,0.547,NA,NA,ACL,BPTB,NA,NA,NA,NA,NA,NA,NA,NA,NA,NA,data extracted graphically,NA,6.99,15,8,1.222,0.506,1.333,0.402,NA,NA,Healthy Control,NA,0.2023060188028819,0.01979808647674885,0.14070567322161837,1.4377957488909487,0.15049201591420464,-0.073472033131952,0.4780840707377158
Thomas 2013,#8157,Thomas 2013,hip flex isk con 60 standing,nm/kg,1,NA,NA,NA,NA,NA,NA,NA,NA,NA,NA,data extracted graphically,quad,0.1,15,7,1.078,0.311,1.169,0.343,NA,NA,ACL,BPTB,NA,NA,NA,NA,NA,NA,NA,NA,NA,NA,data extracted graphically,NA,0.1,15,8,1.399,0.595,1.303,0.434,NA,NA,Healthy Control,NA,-0.2606502231965387,0.017607597113400847,0.13269362122348174,-1.964301077875878,0.04949518677444689,-0.5207249417727626,-5.755046203147485e-4
Thomas 2013,#8157,Thomas 2013,hip flex isk con 60 standing,nm/kg,2,NA,NA,NA,NA,NA,NA,NA,NA,NA,NA,data extracted graphically,quad,6.99,15,7,1.319,0.536,1.33,0.536,NA,NA,ACL,BPTB,NA,NA,NA,NA,NA,NA,NA,NA,NA,NA,data extracted graphically,NA,6.99,15,8,1.399,0.595,1.303,0.434,NA,NA,Healthy Control,NA,-0.05888382194816659,0.023067909233587577,0.15188123397440376,-0.38769649421000996,0.6982406504842888,-0.3565655704654992,0.23879792656916599
Thomas 2013,#8157,Thomas 2013,hs isk con 60,nm/kg,1,NA,NA,NA,NA,NA,NA,NA,NA,NA,NA,data extracted graphically,quad,0.1,15,7,0.769,0.252,1.109,0.288,NA,NA,ACL,BPTB,NA,NA,NA,NA,NA,NA,NA,NA,NA,NA,data extracted graphically,NA,0.1,15,8,0.977,0.232,0.955,0.201,NA,NA,Healthy Control,NA,-0.23939568253713867,0.010918280112371385,0.10449057427524927,-2.291074426546093,0.02195910944303872,-0.4441934448405347,-0.03459792023374267
Thomas 2013,#8157,Thomas 2013,hs isk con 60,nm/kg,2,NA,NA,NA,NA,NA,NA,NA,NA,NA,NA,data extracted graphically,quad,6.99,15,7,1.027,0.221,1.147,0.252,NA,NA,ACL,BPTB,NA,NA,NA,NA,NA,NA,NA,NA,NA,NA,data extracted graphically,NA,0.1,15,8,0.977,0.232,0.955,0.201,NA,NA,Healthy Control,NA,0.04991055788577541,0.006846313417509034,0.08274245232955713,0.6032037543072245,0.546373150458277,-0.11226166867267881,0.21208278444422965
Thomas 2013,#8157,Thomas 2013,quad isk con 60,nm/kg,1,NA,NA,NA,NA,NA,NA,NA,NA,NA,NA,data extracted graphically,quad,0.1,15,7,1.256,0.508,1.916,0.574,NA,NA,ACL,BPTB,NA,NA,NA,NA,NA,NA,NA,NA,NA,NA,data extracted graphically,NA,0.1,15,8,1.738,0.414,1.628,0.516,NA,NA,Healthy Control,NA,-0.32480295879719334,0.014688553374365473,0.12119634224829343,-2.679973279488696,0.007362803726931858,-0.5623434246618386,-0.08726249293254809
Thomas 2013,#8157,Thomas 2013,quad isk con 60,nm/kg,2,NA,NA,NA,NA,NA,NA,NA,NA,NA,NA,data extracted graphically,quad,6.99,15,7,1.442,0.479,2.153,0.617,NA,NA,ACL,BPTB,NA,NA,NA,NA,NA,NA,NA,NA,NA,NA,data extracted graphically,NA,0.1,15,8,1.738,0.414,1.628,0.516,NA,NA,Healthy Control,NA,-0.18670398798044302,0.011138896984702648,0.10554097301381415,-1.7690190136489032,0.07689070161488241,-0.3935604939808325,0.02015251801994647
Welling 2019,#7294,Welling 2019,hs isk con 60,nm,1,1.1,NA,NA,NA,NA,NA,NA,NA,NA,NA,NA,mixed,3.9,38,0,128,31.2,143.3,30.6,89.3,14.4,ACLR,mixed,1.1,NA,NA,NA,NA,NA,NA,NA,NA,NA,NA,NA,3.9,30,0,136.3,21.1,135.1,20.6,94.7,4.4,Healthy Control,NA,-0.0628280747828698,0.0023623535052163893,0.04860404823897274,-1.2926510663054531,0.19613176917998204,-0.1580902588341038,0.03243410926836421
Welling 2019,#7294,Welling 2019,hs isk con 60,nm,2,0.7,NA,NA,NA,NA,NA,NA,NA,NA,NA,NA,mixed,6.6,38,0,143.8,30.6,148.8,34.2,96.6,9.3,ACLR,mixed,NA,NA,NA,NA,NA,NA,NA,NA,NA,NA,NA,NA,3.9,30,0,136.3,21.1,135.1,20.6,94.7,4.4,Healthy Control,NA,0.05356510658445941,0.001990455698201603,0.044614523399915444,1.2006203922501373,0.22989848707693833,-0.033877752466794336,0.14100796563571316
Welling 2019,#7294,Welling 2019,hs isk con 60,nm,3,0.8,NA,NA,NA,NA,NA,NA,NA,NA,NA,NA,mixed,9.7,38,0,149.5,31.2,152.7,34.3,97.9,7.5,ACLR,mixed,NA,NA,NA,NA,NA,NA,NA,NA,NA,NA,NA,NA,3.9,30,0,136.3,21.1,135.1,20.6,94.7,4.4,Healthy Control,NA,0.09243805412825411,0.0019449801561715182,0.04410192916609792,2.0960093101621773,0.03608136506209762,0.005999861313965613,0.17887624694254262
Welling 2019,#7294,Welling 2019,quad isk con 60,nm/kg,1,1.1,NA,NA,NA,NA,NA,NA,NA,NA,NA,NA,mixed,3.9,38,0,2.4,0.5,3.3,0.5,72,12.4,ACLR,mixed,1.1,NA,NA,NA,NA,NA,NA,NA,NA,NA,NA,NA,3.9,30,0,3.2,0.3,3,0.4,92.3,6.7,Healthy Control,NA,-0.28768207245178107,0.0014351471125730992,0.03788333555236523,-7.593895000458052,3.1042997423477936e-14,-0.36193204574866267,-0.21343209915489944
Welling 2019,#7294,Welling 2019,quad isk con 60,nm/kg,2,0.7,NA,NA,NA,NA,NA,NA,NA,NA,NA,NA,mixed,6.6,38,0,2.9,0.5,3.3,0.5,84.7,12.5,ACLR,mixed,NA,NA,NA,NA,NA,NA,NA,NA,NA,NA,NA,NA,3.9,30,0,3.2,0.3,3,0.4,92.3,6.7,Healthy Control,NA,-0.09844007281325265,0.0010752454882189122,0.03279093606804954,-3.002051317137286,0.0026816696545224642,-0.16270912652598518,-0.03417101910052012
Welling 2019,#7294,Welling 2019,quad isk con 60,nm/kg,3,0.8,NA,NA,NA,NA,NA,NA,NA,NA,NA,NA,mixed,9.7,38,0,3.2,0.6,3.4,0.5,94.1,14.6,ACLR,mixed,NA,NA,NA,NA,NA,NA,NA,NA,NA,NA,NA,NA,3.9,30,0,3.2,0.3,3,0.4,92.3,6.7,Healthy Control,NA,0,0.0012181332236842102,0.03490176533764747,0,1,-0.06840620305865747,0.06840620305865747
